gene,id,snp,library_size,norm_ref_count,norm_alt_count,total_count
CENPN,s1324_SAT_M_BLOOD_ASEReadCounter.table,NW_015090842.1:5801612,41553863,0 ,0 ,0 
CENPN,s1324_SAT_M_BLOOD_ASEReadCounter.table,NW_015090842.1:5801618,41553863,0 ,0 ,0 
CENPN,s1324_SAT_M_BLOOD_ASEReadCounter.table,NW_015090842.1:5801623,41553863,0 ,0 ,0 
CENPN,s1324_SAT_M_BLOOD_ASEReadCounter.table,NW_015090842.1:5801631,41553863,0 ,0 ,0 
CENPN,s1324_SAT_M_BLOOD_ASEReadCounter.table,NW_015090842.1:5801632,41553863,0 ,0 ,0 
CENPN,s1324_SAT_M_BLOOD_ASEReadCounter.table,NW_015090842.1:5801655,41553863,0 ,0 ,1 
CENPN,s1324_SAT_M_BLOOD_ASEReadCounter.table,NW_015090842.1:5801670,41553863,0 ,0 ,1 
CENPN,s1324_SAT_M_BLOOD_ASEReadCounter.table,NW_015090842.1:5801674,41553863,0 ,0 ,1 
CENPN,s1324_SAT_M_BLOOD_ASEReadCounter.table,NW_015090842.1:5801692,41553863,0 ,0 ,1 
CENPN,s1324_SAT_M_BLOOD_ASEReadCounter.table,NW_015090842.1:5802008,41553863,1 ,2 ,2 
CENPN,s1324_SAT_M_BLOOD_ASEReadCounter.table,NW_015090842.1:5802012,41553863,1 ,2 ,2 
CENPN,s1324_SAT_M_BLOOD_ASEReadCounter.table,NW_015090842.1:5802087,41553863,0 ,2 ,2 
CENPN,s1324_SAT_M_BLOOD_ASEReadCounter.table,NW_015090842.1:5810113,41553863,0 ,0 ,0 
CENPN,s1324_SAT_M_BLOOD_ASEReadCounter.table,NW_015090842.1:5810147,41553863,0 ,0 ,0 
CENPN,s1324_SAT_M_BLOOD_ASEReadCounter.table,NW_015090842.1:5810148,41553863,0 ,0 ,0 
ATMIN,s1324_SAT_M_BLOOD_ASEReadCounter.table,NW_015090842.1:5818789,41553863,6 ,6 ,12 
ATMIN,s1324_SAT_M_BLOOD_ASEReadCounter.table,NW_015090842.1:5819958,41553863,6 ,6 ,11 
ATMIN,s1324_SAT_M_BLOOD_ASEReadCounter.table,NW_015090842.1:5820004,41553863,6 ,8 ,13 
ATMIN,s1324_SAT_M_BLOOD_ASEReadCounter.table,NW_015090842.1:5820217,41553863,4 ,7 ,11 
ATMIN,s1324_SAT_M_BLOOD_ASEReadCounter.table,NW_015090842.1:5820250,41553863,7 ,6 ,13 
ATMIN,s1324_SAT_M_BLOOD_ASEReadCounter.table,NW_015090842.1:5820298,41553863,6 ,4 ,10 
ATMIN,s1324_SAT_M_BLOOD_ASEReadCounter.table,NW_015090842.1:5820417,41553863,4 ,4 ,7 
ATMIN,s1324_SAT_M_BLOOD_ASEReadCounter.table,NW_015090842.1:5820421,41553863,3 ,4 ,7 
ATMIN,s1324_SAT_M_BLOOD_ASEReadCounter.table,NW_015090842.1:5820448,41553863,4 ,3 ,7 
ATMIN,s1324_SAT_M_BLOOD_ASEReadCounter.table,NW_015090842.1:5820457,41553863,3 ,3 ,6 
ATMIN,s1324_SAT_M_BLOOD_ASEReadCounter.table,NW_015090842.1:5820510,41553863,6 ,5 ,11 
ATMIN,s1324_SAT_M_BLOOD_ASEReadCounter.table,NW_015090842.1:5820673,41553863,5 ,5 ,10 
ATMIN,s1324_SAT_M_BLOOD_ASEReadCounter.table,NW_015090842.1:5820754,41553863,4 ,6 ,10 
ATMIN,s1324_SAT_M_BLOOD_ASEReadCounter.table,NW_015090842.1:5820820,41553863,7 ,5 ,12 
ATMIN,s1324_SAT_M_BLOOD_ASEReadCounter.table,NW_015090842.1:5820865,41553863,8 ,6 ,14 
ATMIN,s1324_SAT_M_BLOOD_ASEReadCounter.table,NW_015090842.1:5820889,41553863,7 ,6 ,13 
ATMIN,s1324_SAT_M_BLOOD_ASEReadCounter.table,NW_015090842.1:5820891,41553863,8 ,6 ,13 
ATMIN,s1324_SAT_M_BLOOD_ASEReadCounter.table,NW_015090842.1:5820997,41553863,7 ,8 ,15 
ATMIN,s1324_SAT_M_BLOOD_ASEReadCounter.table,NW_015090842.1:5821063,41553863,7 ,7 ,14 
ATMIN,s1324_SAT_M_BLOOD_ASEReadCounter.table,NW_015090842.1:5821132,41553863,6 ,9 ,14 
ATMIN,s1324_SAT_M_BLOOD_ASEReadCounter.table,NW_015090842.1:5821645,41553863,7 ,7 ,13 
ATMIN,s1324_SAT_M_BLOOD_ASEReadCounter.table,NW_015090842.1:5825066,41553863,4 ,5 ,9 
ATMIN,s1324_SAT_M_BLOOD_ASEReadCounter.table,NW_015090842.1:5825106,41553863,5 ,6 ,11 
ATMIN,s1324_SAT_M_BLOOD_ASEReadCounter.table,NW_015090842.1:5825122,41553863,5 ,6 ,10 
ATMIN,s1324_SAT_M_BLOOD_ASEReadCounter.table,NW_015090842.1:5825178,41553863,4 ,6 ,9 
ATMIN,s1324_SAT_M_BLOOD_ASEReadCounter.table,NW_015090842.1:5825194,41553863,5 ,6 ,10 
ATMIN,s1324_SAT_M_BLOOD_ASEReadCounter.table,NW_015090842.1:5825195,41553863,5 ,6 ,10 
ATMIN,s1324_SAT_M_BLOOD_ASEReadCounter.table,NW_015090842.1:5825220,41553863,4 ,5 ,9 
ATMIN,s1324_SAT_M_BLOOD_ASEReadCounter.table,NW_015090842.1:5825240,41553863,5 ,5 ,9 
ATMIN,s1324_SAT_M_BLOOD_ASEReadCounter.table,NW_015090842.1:5825303,41553863,5 ,7 ,11 
ATMIN,s1324_SAT_M_BLOOD_ASEReadCounter.table,NW_015090842.1:5825304,41553863,5 ,7 ,12 
ATMIN,s1324_SAT_M_BLOOD_ASEReadCounter.table,NW_015090842.1:5825310,41553863,5 ,7 ,12 
ATMIN,s1324_SAT_M_BLOOD_ASEReadCounter.table,NW_015090842.1:5825406,41553863,4 ,4 ,7 
ATMIN,s1324_SAT_M_BLOOD_ASEReadCounter.table,NW_015090842.1:5825415,41553863,3 ,4 ,7 
ATMIN,s1324_SAT_M_BLOOD_ASEReadCounter.table,NW_015090842.1:5825438,41553863,2 ,4 ,6 
ATMIN,s1324_SAT_M_BLOOD_ASEReadCounter.table,NW_015090842.1:5825485,41553863,4 ,5 ,9 
ATMIN,s1324_SAT_M_BLOOD_ASEReadCounter.table,NW_015090842.1:5825524,41553863,5 ,5 ,10 
ATMIN,s1324_SAT_M_BLOOD_ASEReadCounter.table,NW_015090842.1:5825557,41553863,3 ,6 ,9 
ATMIN,s1324_SAT_M_BLOOD_ASEReadCounter.table,NW_015090842.1:5825571,41553863,4 ,5 ,9 
ATMIN,s1324_SAT_M_BLOOD_ASEReadCounter.table,NW_015090842.1:5825579,41553863,4 ,6 ,10 
ATMIN,s1324_SAT_M_BLOOD_ASEReadCounter.table,NW_015090842.1:5825590,41553863,4 ,5 ,8 
ATMIN,s1324_SAT_M_BLOOD_ASEReadCounter.table,NW_015090842.1:5825689,41553863,6 ,5 ,11 
ATMIN,s1324_SAT_M_BLOOD_ASEReadCounter.table,NW_015090842.1:5825703,41553863,8 ,5 ,13 
ATMIN,s1324_SAT_M_BLOOD_ASEReadCounter.table,NW_015090842.1:5825787,41553863,6 ,6 ,12 
ATMIN,s1324_SAT_M_BLOOD_ASEReadCounter.table,NW_015090842.1:5825833,41553863,5 ,7 ,12 
ATMIN,s1324_SAT_M_BLOOD_ASEReadCounter.table,NW_015090842.1:5825841,41553863,5 ,7 ,12 
ATMIN,s1324_SAT_M_BLOOD_ASEReadCounter.table,NW_015090842.1:5825895,41553863,5 ,5 ,9 
ATMIN,s1324_SAT_M_BLOOD_ASEReadCounter.table,NW_015090842.1:5825984,41553863,6 ,6 ,13 
ATMIN,s1324_SAT_M_BLOOD_ASEReadCounter.table,NW_015090842.1:5826162,41553863,6 ,6 ,12 
ATMIN,s1324_SAT_M_BLOOD_ASEReadCounter.table,NW_015090842.1:5826194,41553863,7 ,6 ,13 
ATMIN,s1324_SAT_M_BLOOD_ASEReadCounter.table,NW_015090842.1:5826235,41553863,8 ,7 ,15 
ATMIN,s1324_SAT_M_BLOOD_ASEReadCounter.table,NW_015090842.1:5826245,41553863,8 ,7 ,14 
ATMIN,s1324_SAT_M_BLOOD_ASEReadCounter.table,NW_015090842.1:5826335,41553863,4 ,2 ,6 
ATMIN,s1324_SAT_M_BLOOD_ASEReadCounter.table,NW_015090842.1:5826417,41553863,4 ,4 ,7 
ATMIN,s1324_SAT_M_BLOOD_ASEReadCounter.table,NW_015090842.1:5826431,41553863,4 ,4 ,8 
ATMIN,s1324_SAT_M_BLOOD_ASEReadCounter.table,NW_015090842.1:5826438,41553863,4 ,4 ,8 
ATMIN,s1324_SAT_M_BLOOD_ASEReadCounter.table,NW_015090842.1:5826463,41553863,6 ,7 ,13 
ATMIN,s1324_SAT_M_BLOOD_ASEReadCounter.table,NW_015090842.1:5826502,41553863,4 ,8 ,12 
ATMIN,s1324_SAT_M_BLOOD_ASEReadCounter.table,NW_015090842.1:5826511,41553863,4 ,7 ,12 
ATMIN,s1324_SAT_M_BLOOD_ASEReadCounter.table,NW_015090842.1:5826659,41553863,4 ,4 ,7 
ATMIN,s1324_SAT_M_BLOOD_ASEReadCounter.table,NW_015090842.1:5826701,41553863,3 ,6 ,9 
ATMIN,s1324_SAT_M_BLOOD_ASEReadCounter.table,NW_015090842.1:5826702,41553863,3 ,7 ,9 
ATMIN,s1324_SAT_M_BLOOD_ASEReadCounter.table,NW_015090842.1:5826732,41553863,4 ,7 ,11 
ATMIN,s1324_SAT_M_BLOOD_ASEReadCounter.table,NW_015090842.1:5826745,41553863,5 ,7 ,12 
ATMIN,s1324_SAT_M_BLOOD_ASEReadCounter.table,NW_015090842.1:5826835,41553863,5 ,3 ,8 
ATMIN,s1324_SAT_M_BLOOD_ASEReadCounter.table,NW_015090842.1:5826910,41553863,5 ,1 ,6 
ATMIN,s1324_SAT_M_BLOOD_ASEReadCounter.table,NW_015090842.1:5826942,41553863,7 ,4 ,11 
ATMIN,s1324_SAT_M_BLOOD_ASEReadCounter.table,NW_015090842.1:5827193,41553863,7 ,6 ,13 
ATMIN,s1324_SAT_M_BLOOD_ASEReadCounter.table,NW_015090842.1:5827196,41553863,7 ,5 ,13 
ATMIN,s1324_SAT_M_BLOOD_ASEReadCounter.table,NW_015090842.1:5827269,41553863,6 ,5 ,10 
ATMIN,s1324_SAT_M_BLOOD_ASEReadCounter.table,NW_015090842.1:5827315,41553863,4 ,4 ,8 
ATMIN,s1324_SAT_M_BLOOD_ASEReadCounter.table,NW_015090842.1:5827316,41553863,4 ,5 ,9 
ATMIN,s1324_SAT_M_BLOOD_ASEReadCounter.table,NW_015090842.1:5827333,41553863,4 ,5 ,8 
PKD1L2,s1324_SAT_M_BLOOD_ASEReadCounter.table,NW_015090842.1:5867660,41553863,0 ,0 ,0 
PKD1L2,s1324_SAT_M_BLOOD_ASEReadCounter.table,NW_015090842.1:5867675,41553863,0 ,0 ,0 
PKD1L2,s1324_SAT_M_BLOOD_ASEReadCounter.table,NW_015090842.1:5867788,41553863,0 ,0 ,0 
PKD1L2,s1324_SAT_M_BLOOD_ASEReadCounter.table,NW_015090842.1:5867843,41553863,0 ,0 ,0 
BCO1,s1324_SAT_M_BLOOD_ASEReadCounter.table,NW_015090842.1:5917941,41553863,0 ,0 ,0 
BCO1,s1324_SAT_M_BLOOD_ASEReadCounter.table,NW_015090842.1:5917971,41553863,0 ,0 ,0 
BCO1,s1324_SAT_M_BLOOD_ASEReadCounter.table,NW_015090842.1:5921679,41553863,1 ,0 ,1 
BCO1,s1324_SAT_M_BLOOD_ASEReadCounter.table,NW_015090842.1:5921726,41553863,0 ,0 ,0 
BCO1,s1324_SAT_M_BLOOD_ASEReadCounter.table,NW_015090842.1:5925669,41553863,0 ,0 ,0 
BCO1,s1324_SAT_M_BLOOD_ASEReadCounter.table,NW_015090842.1:5925753,41553863,0 ,0 ,0 
BCO1,s1324_SAT_M_BLOOD_ASEReadCounter.table,NW_015090842.1:5926937,41553863,0 ,0 ,0 
BCO1,s1324_SAT_M_BLOOD_ASEReadCounter.table,NW_015090842.1:5932726,41553863,0 ,0 ,1 
BCO1,s1324_SAT_M_BLOOD_ASEReadCounter.table,NW_015090842.1:5932801,41553863,0 ,0 ,0 
BCO1,s1324_SAT_M_BLOOD_ASEReadCounter.table,NW_015090842.1:5934558,41553863,0 ,0 ,0 
BCO1,s1324_SAT_M_BLOOD_ASEReadCounter.table,NW_015090842.1:5934575,41553863,0 ,0 ,0 
BCO1,s1324_SAT_M_BLOOD_ASEReadCounter.table,NW_015090842.1:5934608,41553863,0 ,0 ,0 
BCO1,s1324_SAT_M_BLOOD_ASEReadCounter.table,NW_015090842.1:5934958,41553863,0 ,0 ,0 
BCO1,s1324_SAT_M_BLOOD_ASEReadCounter.table,NW_015090842.1:5934976,41553863,0 ,0 ,0 
GAN,s1324_SAT_M_BLOOD_ASEReadCounter.table,NW_015090842.1:5966047,41553863,0 ,0 ,0 
CMIP,s1324_SAT_M_BLOOD_ASEReadCounter.table,NW_015090842.1:6109159,41553863,5 ,3 ,8 
CMIP,s1324_SAT_M_BLOOD_ASEReadCounter.table,NW_015090842.1:6109166,41553863,5 ,3 ,8 
CMIP,s1324_SAT_M_BLOOD_ASEReadCounter.table,NW_015090842.1:6114641,41553863,4 ,6 ,10 
CMIP,s1324_SAT_M_BLOOD_ASEReadCounter.table,NW_015090842.1:6114751,41553863,3 ,5 ,8 
CMIP,s1324_SAT_M_BLOOD_ASEReadCounter.table,NW_015090842.1:6114824,41553863,3 ,5 ,8 
CMIP,s1324_SAT_M_BLOOD_ASEReadCounter.table,NW_015090842.1:6128998,41553863,6 ,4 ,10 
CMIP,s1324_SAT_M_BLOOD_ASEReadCounter.table,NW_015090842.1:6130562,41553863,8 ,9 ,17 
CMIP,s1324_SAT_M_BLOOD_ASEReadCounter.table,NW_015090842.1:6132522,41553863,3 ,3 ,6 
CMIP,s1324_SAT_M_BLOOD_ASEReadCounter.table,NW_015090842.1:6134088,41553863,4 ,3 ,8 
CMIP,s1324_SAT_M_BLOOD_ASEReadCounter.table,NW_015090842.1:6138265,41553863,3 ,5 ,8 
CMIP,s1324_SAT_M_BLOOD_ASEReadCounter.table,NW_015090842.1:6138300,41553863,4 ,5 ,9 
CMIP,s1324_SAT_M_BLOOD_ASEReadCounter.table,NW_015090842.1:6138342,41553863,4 ,6 ,10 
CMIP,s1324_SAT_M_BLOOD_ASEReadCounter.table,NW_015090842.1:6138343,41553863,4 ,7 ,10 
CMIP,s1324_SAT_M_BLOOD_ASEReadCounter.table,NW_015090842.1:6138345,41553863,4 ,6 ,10 
CMIP,s1324_SAT_M_BLOOD_ASEReadCounter.table,NW_015090842.1:6138647,41553863,5 ,5 ,10 
CMIP,s1324_SAT_M_BLOOD_ASEReadCounter.table,NW_015090842.1:6138745,41553863,7 ,6 ,13 
CMIP,s1324_SAT_M_BLOOD_ASEReadCounter.table,NW_015090842.1:6138832,41553863,0 ,2 ,2 
CMIP,s1324_SAT_M_BLOOD_ASEReadCounter.table,NW_015090842.1:6138967,41553863,4 ,4 ,8 
CMIP,s1324_SAT_M_BLOOD_ASEReadCounter.table,NW_015090842.1:6139131,41553863,3 ,3 ,6 
CMIP,s1324_SAT_M_BLOOD_ASEReadCounter.table,NW_015090842.1:6139163,41553863,4 ,3 ,7 
CMIP,s1324_SAT_M_BLOOD_ASEReadCounter.table,NW_015090842.1:6139360,41553863,1 ,1 ,2 
CMIP,s1324_SAT_M_BLOOD_ASEReadCounter.table,NW_015090842.1:6139572,41553863,0 ,0 ,1 
CMIP,s1324_SAT_M_BLOOD_ASEReadCounter.table,NW_015090842.1:6139773,41553863,1 ,0 ,1 
PLCG2,s1324_SAT_M_BLOOD_ASEReadCounter.table,NW_015090842.1:6179613,41553863,0 ,2 ,3 
PLCG2,s1324_SAT_M_BLOOD_ASEReadCounter.table,NW_015090842.1:6179658,41553863,2 ,4 ,6 
PLCG2,s1324_SAT_M_BLOOD_ASEReadCounter.table,NW_015090842.1:6203766,41553863,2 ,23 ,25 
PLCG2,s1324_SAT_M_BLOOD_ASEReadCounter.table,NW_015090842.1:6203775,41553863,2 ,22 ,24 
PLCG2,s1324_SAT_M_BLOOD_ASEReadCounter.table,NW_015090842.1:6203787,41553863,2 ,21 ,23 
PLCG2,s1324_SAT_M_BLOOD_ASEReadCounter.table,NW_015090842.1:6205047,41553863,2 ,23 ,25 
PLCG2,s1324_SAT_M_BLOOD_ASEReadCounter.table,NW_015090842.1:6208541,41553863,0 ,24 ,24 
PLCG2,s1324_SAT_M_BLOOD_ASEReadCounter.table,NW_015090842.1:6209741,41553863,2 ,16 ,19 
PLCG2,s1324_SAT_M_BLOOD_ASEReadCounter.table,NW_015090842.1:6209798,41553863,2 ,21 ,23 
PLCG2,s1324_SAT_M_BLOOD_ASEReadCounter.table,NW_015090842.1:6209816,41553863,2 ,25 ,27 
PLCG2,s1324_SAT_M_BLOOD_ASEReadCounter.table,NW_015090842.1:6217547,41553863,3 ,34 ,37 
PLCG2,s1324_SAT_M_BLOOD_ASEReadCounter.table,NW_015090842.1:6218641,41553863,2 ,26 ,29 
PLCG2,s1324_SAT_M_BLOOD_ASEReadCounter.table,NW_015090842.1:6220552,41553863,1 ,26 ,27 
PLCG2,s1324_SAT_M_BLOOD_ASEReadCounter.table,NW_015090842.1:6221969,41553863,2 ,28 ,30 
PLCG2,s1324_SAT_M_BLOOD_ASEReadCounter.table,NW_015090842.1:6228672,41553863,2 ,23 ,26 
PLCG2,s1324_SAT_M_BLOOD_ASEReadCounter.table,NW_015090842.1:6228694,41553863,2 ,21 ,23 
PLCG2,s1324_SAT_M_BLOOD_ASEReadCounter.table,NW_015090842.1:6228722,41553863,3 ,25 ,27 
PLCG2,s1324_SAT_M_BLOOD_ASEReadCounter.table,NW_015090842.1:6228747,41553863,2 ,30 ,32 
PLCG2,s1324_SAT_M_BLOOD_ASEReadCounter.table,NW_015090842.1:6228835,41553863,2 ,31 ,33 
PLCG2,s1324_SAT_M_BLOOD_ASEReadCounter.table,NW_015090842.1:6228841,41553863,2 ,31 ,33 
PLCG2,s1324_SAT_M_BLOOD_ASEReadCounter.table,NW_015090842.1:6228865,41553863,2 ,29 ,31 
PLCG2,s1324_SAT_M_BLOOD_ASEReadCounter.table,NW_015090842.1:6228917,41553863,2 ,34 ,36 
PLCG2,s1324_SAT_M_BLOOD_ASEReadCounter.table,NW_015090842.1:6228926,41553863,2 ,32 ,35 
PLCG2,s1324_SAT_M_BLOOD_ASEReadCounter.table,NW_015090842.1:6228954,41553863,2 ,24 ,25 
PLCG2,s1324_SAT_M_BLOOD_ASEReadCounter.table,NW_015090842.1:6229002,41553863,2 ,25 ,27 
PLCG2,s1324_SAT_M_BLOOD_ASEReadCounter.table,NW_015090842.1:6229006,41553863,2 ,24 ,26 
PLCG2,s1324_SAT_M_BLOOD_ASEReadCounter.table,NW_015090842.1:6229081,41553863,2 ,18 ,20 
PLCG2,s1324_SAT_M_BLOOD_ASEReadCounter.table,NW_015090842.1:6229097,41553863,1 ,12 ,13 
PLCG2,s1324_SAT_M_BLOOD_ASEReadCounter.table,NW_015090842.1:6229160,41553863,2 ,11 ,13 
PLCG2,s1324_SAT_M_BLOOD_ASEReadCounter.table,NW_015090842.1:6229213,41553863,2 ,10 ,12 
PLCG2,s1324_SAT_M_BLOOD_ASEReadCounter.table,NW_015090842.1:6229231,41553863,2 ,13 ,16 
PLCG2,s1324_SAT_M_BLOOD_ASEReadCounter.table,NW_015090842.1:6229663,41553863,5 ,12 ,17 
PLCG2,s1324_SAT_M_BLOOD_ASEReadCounter.table,NW_015090842.1:6229748,41553863,4 ,14 ,17 
PLCG2,s1324_SAT_M_BLOOD_ASEReadCounter.table,NW_015090842.1:6229892,41553863,4 ,11 ,15 
PLCG2,s1324_SAT_M_BLOOD_ASEReadCounter.table,NW_015090842.1:6230248,41553863,4 ,10 ,13 
PLCG2,s1324_SAT_M_BLOOD_ASEReadCounter.table,NW_015090842.1:6230255,41553863,3 ,10 ,13 
PLCG2,s1324_SAT_M_BLOOD_ASEReadCounter.table,NW_015090842.1:6230296,41553863,2 ,10 ,12 
PLCG2,s1324_SAT_M_BLOOD_ASEReadCounter.table,NW_015090842.1:6230349,41553863,3 ,11 ,14 
PLCG2,s1324_SAT_M_BLOOD_ASEReadCounter.table,NW_015090842.1:6230381,41553863,3 ,8 ,11 
PLCG2,s1324_SAT_M_BLOOD_ASEReadCounter.table,NW_015090842.1:6230408,41553863,2 ,8 ,11 
PLCG2,s1324_SAT_M_BLOOD_ASEReadCounter.table,NW_015090842.1:6230439,41553863,2 ,7 ,9 
PLCG2,s1324_SAT_M_BLOOD_ASEReadCounter.table,NW_015090842.1:6230757,41553863,2 ,7 ,9 
PLCG2,s1324_SAT_M_BLOOD_ASEReadCounter.table,NW_015090842.1:6230758,41553863,2 ,7 ,9 
PLCG2,s1324_SAT_M_BLOOD_ASEReadCounter.table,NW_015090842.1:6230898,41553863,1 ,6 ,7 
PLCG2,s1324_SAT_M_BLOOD_ASEReadCounter.table,NW_015090842.1:6230976,41553863,1 ,7 ,8 
PLCG2,s1324_SAT_M_BLOOD_ASEReadCounter.table,NW_015090842.1:6231078,41553863,1 ,7 ,8 
PLCG2,s1324_SAT_M_BLOOD_ASEReadCounter.table,NW_015090842.1:6231138,41553863,2 ,7 ,9 
PLCG2,s1324_SAT_M_BLOOD_ASEReadCounter.table,NW_015090842.1:6231177,41553863,2 ,7 ,9 
PLCG2,s1324_SAT_M_BLOOD_ASEReadCounter.table,NW_015090842.1:6231263,41553863,1 ,7 ,8 
PLCG2,s1324_SAT_M_BLOOD_ASEReadCounter.table,NW_015090842.1:6231309,41553863,0 ,4 ,4 
SDR42E1,s1324_SAT_M_BLOOD_ASEReadCounter.table,NW_015090842.1:6235292,41553863,0 ,0 ,0 
SDR42E1,s1324_SAT_M_BLOOD_ASEReadCounter.table,NW_015090842.1:6235315,41553863,0 ,1 ,1 
SDR42E1,s1324_SAT_M_BLOOD_ASEReadCounter.table,NW_015090842.1:6235348,41553863,0 ,2 ,2 
SDR42E1,s1324_SAT_M_BLOOD_ASEReadCounter.table,NW_015090842.1:6235355,41553863,0 ,2 ,2 
SDR42E1,s1324_SAT_M_BLOOD_ASEReadCounter.table,NW_015090842.1:6235417,41553863,0 ,2 ,2 
SDR42E1,s1324_SAT_M_BLOOD_ASEReadCounter.table,NW_015090842.1:6235526,41553863,1 ,0 ,1 
SDR42E1,s1324_SAT_M_BLOOD_ASEReadCounter.table,NW_015090842.1:6235558,41553863,0 ,0 ,0 
SDR42E1,s1324_SAT_M_BLOOD_ASEReadCounter.table,NW_015090842.1:6235603,41553863,1 ,0 ,1 
SDR42E1,s1324_SAT_M_BLOOD_ASEReadCounter.table,NW_015090842.1:6235741,41553863,0 ,2 ,2 
SDR42E1,s1324_SAT_M_BLOOD_ASEReadCounter.table,NW_015090842.1:6235777,41553863,0 ,2 ,2 
SDR42E1,s1324_SAT_M_BLOOD_ASEReadCounter.table,NW_015090842.1:6235806,41553863,0 ,8 ,9 
SDR42E1,s1324_SAT_M_BLOOD_ASEReadCounter.table,NW_015090842.1:6235809,41553863,0 ,9 ,9 
SDR42E1,s1324_SAT_M_BLOOD_ASEReadCounter.table,NW_015090842.1:6235816,41553863,0 ,9 ,9 
SDR42E1,s1324_SAT_M_BLOOD_ASEReadCounter.table,NW_015090842.1:6235914,41553863,0 ,8 ,8 
SDR42E1,s1324_SAT_M_BLOOD_ASEReadCounter.table,NW_015090842.1:6235935,41553863,0 ,9 ,9 
SDR42E1,s1324_SAT_M_BLOOD_ASEReadCounter.table,NW_015090842.1:6235957,41553863,0 ,11 ,11 
SDR42E1,s1324_SAT_M_BLOOD_ASEReadCounter.table,NW_015090842.1:6236040,41553863,0 ,10 ,10 
SDR42E1,s1324_SAT_M_BLOOD_ASEReadCounter.table,NW_015090842.1:6236260,41553863,0 ,6 ,6 
SDR42E1,s1324_SAT_M_BLOOD_ASEReadCounter.table,NW_015090842.1:6236281,41553863,0 ,6 ,6 
SDR42E1,s1324_SAT_M_BLOOD_ASEReadCounter.table,NW_015090842.1:6236305,41553863,0 ,6 ,6 
SDR42E1,s1324_SAT_M_BLOOD_ASEReadCounter.table,NW_015090842.1:6236458,41553863,0 ,8 ,8 
SDR42E1,s1324_SAT_M_BLOOD_ASEReadCounter.table,NW_015090842.1:6236476,41553863,0 ,9 ,9 
SDR42E1,s1324_SAT_M_BLOOD_ASEReadCounter.table,NW_015090842.1:6236608,41553863,0 ,8 ,8 
SDR42E1,s1324_SAT_M_BLOOD_ASEReadCounter.table,NW_015090842.1:6238244,41553863,0 ,2 ,2 
SDR42E1,s1324_SAT_M_BLOOD_ASEReadCounter.table,NW_015090842.1:6238829,41553863,0 ,1 ,1 
HSD17B2,s1324_SAT_M_BLOOD_ASEReadCounter.table,NW_015090842.1:6257616,41553863,0 ,8 ,8 
HSD17B2,s1324_SAT_M_BLOOD_ASEReadCounter.table,NW_015090842.1:6257670,41553863,0 ,8 ,8 
HSD17B2,s1324_SAT_M_BLOOD_ASEReadCounter.table,NW_015090842.1:6257684,41553863,0 ,8 ,8 
HSD17B2,s1324_SAT_M_BLOOD_ASEReadCounter.table,NW_015090842.1:6257829,41553863,0 ,13 ,13 
HSD17B2,s1324_SAT_M_BLOOD_ASEReadCounter.table,NW_015090842.1:6262951,41553863,0 ,13 ,13 
HSD17B2,s1324_SAT_M_BLOOD_ASEReadCounter.table,NW_015090842.1:6262974,41553863,0 ,12 ,12 
HSD17B2,s1324_SAT_M_BLOOD_ASEReadCounter.table,NW_015090842.1:6266125,41553863,0 ,7 ,7 
HSD17B2,s1324_SAT_M_BLOOD_ASEReadCounter.table,NW_015090842.1:6266135,41553863,0 ,8 ,8 
HSD17B2,s1324_SAT_M_BLOOD_ASEReadCounter.table,NW_015090842.1:6266795,41553863,0 ,13 ,13 
HSD17B2,s1324_SAT_M_BLOOD_ASEReadCounter.table,NW_015090842.1:6266918,41553863,0 ,11 ,11 
HSD17B2,s1324_SAT_M_BLOOD_ASEReadCounter.table,NW_015090842.1:6266944,41553863,0 ,13 ,13 
HSD17B2,s1324_SAT_M_BLOOD_ASEReadCounter.table,NW_015090842.1:6266997,41553863,0 ,11 ,11 
HSD17B2,s1324_SAT_M_BLOOD_ASEReadCounter.table,NW_015090842.1:6267053,41553863,0 ,9 ,9 
HSD17B2,s1324_SAT_M_BLOOD_ASEReadCounter.table,NW_015090842.1:6267196,41553863,0 ,6 ,6 
HSD17B2,s1324_SAT_M_BLOOD_ASEReadCounter.table,NW_015090842.1:6267273,41553863,0 ,9 ,9 
HSD17B2,s1324_SAT_M_BLOOD_ASEReadCounter.table,NW_015090842.1:6267358,41553863,0 ,11 ,11 
HSD17B2,s1324_SAT_M_BLOOD_ASEReadCounter.table,NW_015090842.1:6267674,41553863,0 ,6 ,6 
HSD17B2,s1324_SAT_M_BLOOD_ASEReadCounter.table,NW_015090842.1:6267913,41553863,0 ,10 ,10 
HSD17B2,s1324_SAT_M_BLOOD_ASEReadCounter.table,NW_015090842.1:6268098,41553863,0 ,8 ,8 
HSD17B2,s1324_SAT_M_BLOOD_ASEReadCounter.table,NW_015090842.1:6268180,41553863,0 ,8 ,8 
HSD17B2,s1324_SAT_M_BLOOD_ASEReadCounter.table,NW_015090842.1:6268203,41553863,0 ,11 ,11 
ARY2,s1324_SAT_M_BLOOD_ASEReadCounter.table,NW_015090842.1:6303922,41553863,0 ,0 ,0 
ARY2,s1324_SAT_M_BLOOD_ASEReadCounter.table,NW_015090842.1:6303954,41553863,0 ,1 ,1 
ARY2,s1324_SAT_M_BLOOD_ASEReadCounter.table,NW_015090842.1:6303979,41553863,0 ,1 ,1 
ARY2,s1324_SAT_M_BLOOD_ASEReadCounter.table,NW_015090842.1:6305848,41553863,1 ,3 ,5 
ARY2,s1324_SAT_M_BLOOD_ASEReadCounter.table,NW_015090842.1:6305856,41553863,1 ,4 ,5 
ARY2,s1324_SAT_M_BLOOD_ASEReadCounter.table,NW_015090842.1:6305857,41553863,1 ,4 ,5 
ARY2,s1324_SAT_M_BLOOD_ASEReadCounter.table,NW_015090842.1:6306017,41553863,0 ,2 ,3 
ARY2,s1324_SAT_M_BLOOD_ASEReadCounter.table,NW_015090842.1:6306052,41553863,0 ,2 ,3 
ARY2,s1324_SAT_M_BLOOD_ASEReadCounter.table,NW_015090842.1:6306094,41553863,1 ,2 ,3 
ARY2,s1324_SAT_M_BLOOD_ASEReadCounter.table,NW_015090842.1:6306100,41553863,1 ,2 ,2 
ARY2,s1324_SAT_M_BLOOD_ASEReadCounter.table,NW_015090842.1:6306146,41553863,0 ,2 ,2 
ARY2,s1324_SAT_M_BLOOD_ASEReadCounter.table,NW_015090842.1:6306147,41553863,0 ,2 ,2 
ARY2,s1324_SAT_M_BLOOD_ASEReadCounter.table,NW_015090842.1:6306390,41553863,0 ,1 ,1 
ARY2,s1324_SAT_M_BLOOD_ASEReadCounter.table,NW_015090842.1:6306567,41553863,0 ,2 ,2 
ARY2,s1324_SAT_M_BLOOD_ASEReadCounter.table,NW_015090842.1:6306705,41553863,0 ,1 ,1 
ARY2,s1324_SAT_M_BLOOD_ASEReadCounter.table,NW_015090842.1:6306713,41553863,1 ,0 ,1 
ARY2,s1324_SAT_M_BLOOD_ASEReadCounter.table,NW_015090842.1:6306773,41553863,0 ,1 ,1 
ARY2,s1324_SAT_M_BLOOD_ASEReadCounter.table,NW_015090842.1:6307039,41553863,0 ,1 ,1 
ARY2,s1324_SAT_M_BLOOD_ASEReadCounter.table,NW_015090842.1:6307043,41553863,0 ,1 ,1 
ARY2,s1324_SAT_M_BLOOD_ASEReadCounter.table,NW_015090842.1:6307093,41553863,0 ,1 ,1 
ARY2,s1324_SAT_M_BLOOD_ASEReadCounter.table,NW_015090842.1:6307138,41553863,0 ,1 ,1 
ARY2,s1324_SAT_M_BLOOD_ASEReadCounter.table,NW_015090842.1:6307157,41553863,0 ,1 ,1 
ARY2,s1324_SAT_M_BLOOD_ASEReadCounter.table,NW_015090842.1:6307187,41553863,0 ,1 ,1 
ARY2,s1324_SAT_M_BLOOD_ASEReadCounter.table,NW_015090842.1:6307278,41553863,1 ,1 ,2 
ARY2,s1324_SAT_M_BLOOD_ASEReadCounter.table,NW_015090842.1:6307305,41553863,1 ,1 ,1 
ARY2,s1324_SAT_M_BLOOD_ASEReadCounter.table,NW_015090842.1:6307318,41553863,1 ,1 ,2 
ARY2,s1324_SAT_M_BLOOD_ASEReadCounter.table,NW_015090842.1:6307429,41553863,1 ,1 ,2 
ARY2,s1324_SAT_M_BLOOD_ASEReadCounter.table,NW_015090842.1:6307487,41553863,0 ,0 ,0 
ARY2,s1324_SAT_M_BLOOD_ASEReadCounter.table,NW_015090842.1:6307670,41553863,0 ,0 ,0 
ARYL,s1324_SAT_M_BLOOD_ASEReadCounter.table,NW_015090842.1:6313360,41553863,0 ,0 ,1 
ARYL,s1324_SAT_M_BLOOD_ASEReadCounter.table,NW_015090842.1:6313377,41553863,0 ,0 ,1 
ARYL,s1324_SAT_M_BLOOD_ASEReadCounter.table,NW_015090842.1:6313767,41553863,0 ,0 ,1 
ARY1,s1324_SAT_M_BLOOD_ASEReadCounter.table,NW_015090842.1:6313909,41553863,1 ,0 ,1 
ARY1,s1324_SAT_M_BLOOD_ASEReadCounter.table,NW_015090842.1:6314296,41553863,0 ,0 ,1 
ARY1,s1324_SAT_M_BLOOD_ASEReadCounter.table,NW_015090842.1:6314541,41553863,1 ,2 ,2 
ARY1,s1324_SAT_M_BLOOD_ASEReadCounter.table,NW_015090842.1:6314597,41553863,0 ,1 ,2 
ARY1,s1324_SAT_M_BLOOD_ASEReadCounter.table,NW_015090842.1:6314750,41553863,0 ,0 ,0 
ARY1,s1324_SAT_M_BLOOD_ASEReadCounter.table,NW_015090842.1:6314794,41553863,0 ,0 ,0 
ARY1,s1324_SAT_M_BLOOD_ASEReadCounter.table,NW_015090842.1:6314827,41553863,0 ,2 ,2 
ARY1,s1324_SAT_M_BLOOD_ASEReadCounter.table,NW_015090842.1:6314843,41553863,0 ,2 ,2 
ARY1,s1324_SAT_M_BLOOD_ASEReadCounter.table,NW_015090842.1:6314859,41553863,0 ,2 ,2 
ARY1,s1324_SAT_M_BLOOD_ASEReadCounter.table,NW_015090842.1:6314886,41553863,0 ,2 ,2 
ARY1,s1324_SAT_M_BLOOD_ASEReadCounter.table,NW_015090842.1:6314943,41553863,1 ,0 ,1 
ARY1,s1324_SAT_M_BLOOD_ASEReadCounter.table,NW_015090842.1:6314949,41553863,1 ,0 ,1 
ARY1,s1324_SAT_M_BLOOD_ASEReadCounter.table,NW_015090842.1:6315022,41553863,0 ,2 ,2 
ARY1,s1324_SAT_M_BLOOD_ASEReadCounter.table,NW_015090842.1:6315026,41553863,0 ,1 ,1 
ARY1,s1324_SAT_M_BLOOD_ASEReadCounter.table,NW_015090842.1:6315043,41553863,0 ,1 ,1 
ARY1,s1324_SAT_M_BLOOD_ASEReadCounter.table,NW_015090842.1:6315065,41553863,0 ,1 ,1 
ARY1,s1324_SAT_M_BLOOD_ASEReadCounter.table,NW_015090842.1:6315409,41553863,0 ,1 ,1 
ARY1,s1324_SAT_M_BLOOD_ASEReadCounter.table,NW_015090842.1:6315479,41553863,0 ,0 ,0 
ARY1,s1324_SAT_M_BLOOD_ASEReadCounter.table,NW_015090842.1:6318342,41553863,1 ,2 ,3 
ARY1,s1324_SAT_M_BLOOD_ASEReadCounter.table,NW_015090842.1:6318427,41553863,1 ,1 ,2 
ARY1,s1324_SAT_M_BLOOD_ASEReadCounter.table,NW_015090842.1:6318603,41553863,1 ,1 ,2 
ARY1,s1324_SAT_M_BLOOD_ASEReadCounter.table,NW_015090842.1:6318708,41553863,1 ,2 ,3 
ARY1,s1324_SAT_M_BLOOD_ASEReadCounter.table,NW_015090842.1:6318858,41553863,1 ,2 ,3 
ARY1,s1324_SAT_M_BLOOD_ASEReadCounter.table,NW_015090842.1:6318952,41553863,0 ,3 ,3 
MPHOSPH6,s1324_SAT_M_BLOOD_ASEReadCounter.table,NW_015090842.1:6324063,41553863,7 ,16 ,22 
MPHOSPH6,s1324_SAT_M_BLOOD_ASEReadCounter.table,NW_015090842.1:6324174,41553863,11 ,27 ,38 
MPHOSPH6,s1324_SAT_M_BLOOD_ASEReadCounter.table,NW_015090842.1:6324270,41553863,14 ,36 ,50 
MPHOSPH6,s1324_SAT_M_BLOOD_ASEReadCounter.table,NW_015090842.1:6324762,41553863,31 ,52 ,83 
MPHOSPH6,s1324_SAT_M_BLOOD_ASEReadCounter.table,NW_015090842.1:6324772,41553863,32 ,41 ,73 
MPHOSPH6,s1324_SAT_M_BLOOD_ASEReadCounter.table,NW_015090842.1:6324780,41553863,29 ,42 ,71 
MPHOSPH6,s1324_SAT_M_BLOOD_ASEReadCounter.table,NW_015090842.1:6324902,41553863,36 ,63 ,98 
MPHOSPH6,s1324_SAT_M_BLOOD_ASEReadCounter.table,NW_015090842.1:6324910,41553863,101 ,0 ,101 
MPHOSPH6,s1324_SAT_M_BLOOD_ASEReadCounter.table,NW_015090842.1:6325066,41553863,33 ,63 ,96 
MPHOSPH6,s1324_SAT_M_BLOOD_ASEReadCounter.table,NW_015090842.1:6325089,41553863,36 ,66 ,103 
MPHOSPH6,s1324_SAT_M_BLOOD_ASEReadCounter.table,NW_015090842.1:6325298,41553863,46 ,83 ,129 
MPHOSPH6,s1324_SAT_M_BLOOD_ASEReadCounter.table,NW_015090842.1:6325877,41553863,44 ,90 ,134 
MPHOSPH6,s1324_SAT_M_BLOOD_ASEReadCounter.table,NW_015090842.1:6326976,41553863,28 ,55 ,84 
MLYCD,s1324_SAT_M_BLOOD_ASEReadCounter.table,NW_015090842.1:7150054,41553863,6 ,9 ,14 
MLYCD,s1324_SAT_M_BLOOD_ASEReadCounter.table,NW_015090842.1:7150131,41553863,14 ,14 ,28 
MLYCD,s1324_SAT_M_BLOOD_ASEReadCounter.table,NW_015090842.1:7150585,41553863,17 ,13 ,31 
MLYCD,s1324_SAT_M_BLOOD_ASEReadCounter.table,NW_015090842.1:7150686,41553863,12 ,8 ,20 
MLYCD,s1324_SAT_M_BLOOD_ASEReadCounter.table,NW_015090842.1:7150696,41553863,13 ,9 ,23 
MLYCD,s1324_SAT_M_BLOOD_ASEReadCounter.table,NW_015090842.1:7150698,41553863,23 ,0 ,23 
MLYCD,s1324_SAT_M_BLOOD_ASEReadCounter.table,NW_015090842.1:7150869,41553863,13 ,11 ,24 
MLYCD,s1324_SAT_M_BLOOD_ASEReadCounter.table,NW_015090842.1:7151100,41553863,16 ,13 ,29 
MLYCD,s1324_SAT_M_BLOOD_ASEReadCounter.table,NW_015090842.1:7151127,41553863,16 ,13 ,29 
MLYCD,s1324_SAT_M_BLOOD_ASEReadCounter.table,NW_015090842.1:7157538,41553863,15 ,19 ,34 
MLYCD,s1324_SAT_M_BLOOD_ASEReadCounter.table,NW_015090842.1:7167662,41553863,8 ,6 ,14 
MLYCD,s1324_SAT_M_BLOOD_ASEReadCounter.table,NW_015090842.1:7167675,41553863,9 ,6 ,15 
MLYCD,s1324_SAT_M_BLOOD_ASEReadCounter.table,NW_015090842.1:7167710,41553863,6 ,5 ,11 
MLYCD,s1324_SAT_M_BLOOD_ASEReadCounter.table,NW_015090842.1:7167781,41553863,5 ,5 ,9 
MLYCD,s1324_SAT_M_BLOOD_ASEReadCounter.table,NW_015090842.1:7167803,41553863,4 ,3 ,7 
MLYCD,s1324_SAT_M_BLOOD_ASEReadCounter.table,NW_015090842.1:7167812,41553863,4 ,3 ,7 
MLYCD,s1324_SAT_M_BLOOD_ASEReadCounter.table,NW_015090842.1:7167845,41553863,5 ,5 ,11 
MLYCD,s1324_SAT_M_BLOOD_ASEReadCounter.table,NW_015090842.1:7167862,41553863,4 ,5 ,9 
MLYCD,s1324_SAT_M_BLOOD_ASEReadCounter.table,NW_015090842.1:7167929,41553863,5 ,6 ,10 
MLYCD,s1324_SAT_M_BLOOD_ASEReadCounter.table,NW_015090842.1:7167995,41553863,3 ,5 ,7 
MLYCD,s1324_SAT_M_BLOOD_ASEReadCounter.table,NW_015090842.1:7168005,41553863,3 ,4 ,7 
MLYCD,s1324_SAT_M_BLOOD_ASEReadCounter.table,NW_015090842.1:7168037,41553863,3 ,2 ,5 
HSBP1,s1324_SAT_M_BLOOD_ASEReadCounter.table,NW_015090842.1:7245192,41553863,10 ,6 ,16 
HSBP1,s1324_SAT_M_BLOOD_ASEReadCounter.table,NW_015090842.1:7245226,41553863,13 ,7 ,20 
HSBP1,s1324_SAT_M_BLOOD_ASEReadCounter.table,NW_015090842.1:7245257,41553863,10 ,6 ,15 
HSBP1,s1324_SAT_M_BLOOD_ASEReadCounter.table,NW_015090842.1:7245296,41553863,9 ,5 ,14 
HSBP1,s1324_SAT_M_BLOOD_ASEReadCounter.table,NW_015090842.1:7245389,41553863,11 ,5 ,16 
HSBP1,s1324_SAT_M_BLOOD_ASEReadCounter.table,NW_015090842.1:7245400,41553863,13 ,6 ,19 
HSBP1,s1324_SAT_M_BLOOD_ASEReadCounter.table,NW_015090842.1:7245445,41553863,11 ,8 ,19 
HSBP1,s1324_SAT_M_BLOOD_ASEReadCounter.table,NW_015090842.1:7245495,41553863,11 ,8 ,19 
HSBP1,s1324_SAT_M_BLOOD_ASEReadCounter.table,NW_015090842.1:7245515,41553863,12 ,7 ,19 
HSBP1,s1324_SAT_M_BLOOD_ASEReadCounter.table,NW_015090842.1:7245733,41553863,12 ,6 ,18 
HSBP1,s1324_SAT_M_BLOOD_ASEReadCounter.table,NW_015090842.1:7245771,41553863,13 ,5 ,18 
HSBP1,s1324_SAT_M_BLOOD_ASEReadCounter.table,NW_015090842.1:7245813,41553863,14 ,7 ,20 
HSBP1,s1324_SAT_M_BLOOD_ASEReadCounter.table,NW_015090842.1:7245926,41553863,12 ,6 ,18 
HSBP1,s1324_SAT_M_BLOOD_ASEReadCounter.table,NW_015090842.1:7245927,41553863,12 ,6 ,18 
HSBP1,s1324_SAT_M_BLOOD_ASEReadCounter.table,NW_015090842.1:7245933,41553863,12 ,6 ,18 
HSBP1,s1324_SAT_M_BLOOD_ASEReadCounter.table,NW_015090842.1:7246002,41553863,12 ,7 ,19 
HSBP1,s1324_SAT_M_BLOOD_ASEReadCounter.table,NW_015090842.1:7246094,41553863,17 ,9 ,26 
HSBP1,s1324_SAT_M_BLOOD_ASEReadCounter.table,NW_015090842.1:7246167,41553863,13 ,10 ,23 
HSBP1,s1324_SAT_M_BLOOD_ASEReadCounter.table,NW_015090842.1:7246183,41553863,12 ,9 ,21 
HSBP1,s1324_SAT_M_BLOOD_ASEReadCounter.table,NW_015090842.1:7247285,41553863,6 ,1 ,7 
HSBP1,s1324_SAT_M_BLOOD_ASEReadCounter.table,NW_015090842.1:7247651,41553863,46 ,46 ,92 
HSBP1,s1324_SAT_M_BLOOD_ASEReadCounter.table,NW_015090842.1:7247657,41553863,45 ,45 ,90 
HSBP1,s1324_SAT_M_BLOOD_ASEReadCounter.table,NW_015090842.1:7248520,41553863,32 ,31 ,62 
HSBP1,s1324_SAT_M_BLOOD_ASEReadCounter.table,NW_015090842.1:7248535,41553863,28 ,26 ,54 
TLDC1,s1324_SAT_M_BLOOD_ASEReadCounter.table,NW_015090842.1:7421997,41553863,3 ,1 ,3 
COTL1,s1324_SAT_M_BLOOD_ASEReadCounter.table,NW_015090842.1:7490707,41553863,5 ,5 ,10 
COTL1,s1324_SAT_M_BLOOD_ASEReadCounter.table,NW_015090842.1:7490708,41553863,5 ,5 ,10 
COTL1,s1324_SAT_M_BLOOD_ASEReadCounter.table,NW_015090842.1:7490711,41553863,5 ,5 ,10 
COTL1,s1324_SAT_M_BLOOD_ASEReadCounter.table,NW_015090842.1:7490739,41553863,6 ,5 ,11 
COTL1,s1324_SAT_M_BLOOD_ASEReadCounter.table,NW_015090842.1:7490785,41553863,7 ,7 ,13 
COTL1,s1324_SAT_M_BLOOD_ASEReadCounter.table,NW_015090842.1:7490820,41553863,9 ,1 ,11 
COTL1,s1324_SAT_M_BLOOD_ASEReadCounter.table,NW_015090842.1:7490846,41553863,7 ,6 ,13 
USP10,s1324_SAT_M_BLOOD_ASEReadCounter.table,NW_015090842.1:7572213,41553863,14 ,14 ,27 
USP10,s1324_SAT_M_BLOOD_ASEReadCounter.table,NW_015090842.1:7572358,41553863,15 ,0 ,15 
CRISPLD2,s1324_SAT_M_BLOOD_ASEReadCounter.table,NW_015090842.1:7619796,41553863,1 ,0 ,1 
CRISPLD2,s1324_SAT_M_BLOOD_ASEReadCounter.table,NW_015090842.1:7630779,41553863,1 ,0 ,1 
CRISPLD2,s1324_SAT_M_BLOOD_ASEReadCounter.table,NW_015090842.1:7633611,41553863,0 ,0 ,0 
CRISPLD2,s1324_SAT_M_BLOOD_ASEReadCounter.table,NW_015090842.1:7633787,41553863,0 ,1 ,1 
CRISPLD2,s1324_SAT_M_BLOOD_ASEReadCounter.table,NW_015090842.1:7634023,41553863,0 ,0 ,0 
CRISPLD2,s1324_SAT_M_BLOOD_ASEReadCounter.table,NW_015090842.1:7634620,41553863,2 ,0 ,2 
MTHFSD,s1324_SAT_M_BLOOD_ASEReadCounter.table,NW_015090842.1:8152578,41553863,0 ,0 ,0 
EMC8,s1324_SAT_M_BLOOD_ASEReadCounter.table,NW_015090842.1:8452385,41553863,1 ,3 ,4 
GINS2,s1324_SAT_M_BLOOD_ASEReadCounter.table,NW_015090842.1:8467469,41553863,3 ,0 ,3 
GINS2,s1324_SAT_M_BLOOD_ASEReadCounter.table,NW_015090842.1:8470290,41553863,3 ,3 ,7 
GINS2,s1324_SAT_M_BLOOD_ASEReadCounter.table,NW_015090842.1:8470305,41553863,3 ,3 ,7 
GINS2,s1324_SAT_M_BLOOD_ASEReadCounter.table,NW_015090842.1:8470376,41553863,3 ,3 ,6 
GINS2,s1324_SAT_M_BLOOD_ASEReadCounter.table,NW_015090842.1:8471057,41553863,0 ,0 ,0 
GSE1,s1324_SAT_M_BLOOD_ASEReadCounter.table,NW_015090842.1:8483570,41553863,1 ,0 ,1 
KIAA0513,s1324_SAT_M_BLOOD_ASEReadCounter.table,NW_015090842.1:8674736,41553863,0 ,0 ,0 
ZCCHC14,s1324_SAT_M_BLOOD_ASEReadCounter.table,NW_015090842.1:8750189,41553863,2 ,0 ,2 
KLHDC4,s1324_SAT_M_BLOOD_ASEReadCounter.table,NW_015090842.1:8891175,41553863,7 ,6 ,13 
KLHDC4,s1324_SAT_M_BLOOD_ASEReadCounter.table,NW_015090842.1:8905251,41553863,4 ,4 ,8 
KLHDC4,s1324_SAT_M_BLOOD_ASEReadCounter.table,NW_015090842.1:8919630,41553863,0 ,0 ,1 
SLC7A5,s1324_SAT_M_BLOOD_ASEReadCounter.table,NW_015090842.1:8940382,41553863,0 ,0 ,0 
SLC7A5,s1324_SAT_M_BLOOD_ASEReadCounter.table,NW_015090842.1:8941818,41553863,2 ,0 ,2 
SLC7A5,s1324_SAT_M_BLOOD_ASEReadCounter.table,NW_015090842.1:8944655,41553863,2 ,0 ,2 
CA5A,s1324_SAT_M_BLOOD_ASEReadCounter.table,NW_015090842.1:8989479,41553863,1 ,1 ,2 
CA5A,s1324_SAT_M_BLOOD_ASEReadCounter.table,NW_015090842.1:8989562,41553863,3 ,1 ,4 
CA5A,s1324_SAT_M_BLOOD_ASEReadCounter.table,NW_015090842.1:8989609,41553863,3 ,1 ,4 
CA5A,s1324_SAT_M_BLOOD_ASEReadCounter.table,NW_015090842.1:8989693,41553863,2 ,1 ,3 
CA5A,s1324_SAT_M_BLOOD_ASEReadCounter.table,NW_015090842.1:8989702,41553863,3 ,0 ,3 
CA5A,s1324_SAT_M_BLOOD_ASEReadCounter.table,NW_015090842.1:8989746,41553863,4 ,1 ,5 
CA5A,s1324_SAT_M_BLOOD_ASEReadCounter.table,NW_015090842.1:8989880,41553863,2 ,2 ,5 
CA5A,s1324_SAT_M_BLOOD_ASEReadCounter.table,NW_015090842.1:8989885,41553863,2 ,2 ,4 
CA5A,s1324_SAT_M_BLOOD_ASEReadCounter.table,NW_015090842.1:8989929,41553863,1 ,2 ,4 
CA5A,s1324_SAT_M_BLOOD_ASEReadCounter.table,NW_015090842.1:8990002,41553863,1 ,2 ,3 
CA5A,s1324_SAT_M_BLOOD_ASEReadCounter.table,NW_015090842.1:8990004,41553863,1 ,2 ,3 
CA5A,s1324_SAT_M_BLOOD_ASEReadCounter.table,NW_015090842.1:8990005,41553863,1 ,2 ,3 
CA5A,s1324_SAT_M_BLOOD_ASEReadCounter.table,NW_015090842.1:8990017,41553863,1 ,2 ,4 
CA5A,s1324_SAT_M_BLOOD_ASEReadCounter.table,NW_015090842.1:8990043,41553863,2 ,1 ,3 
CA5A,s1324_SAT_M_BLOOD_ASEReadCounter.table,NW_015090842.1:8990080,41553863,2 ,2 ,4 
CA5A,s1324_SAT_M_BLOOD_ASEReadCounter.table,NW_015090842.1:8990084,41553863,2 ,2 ,4 
CA5A,s1324_SAT_M_BLOOD_ASEReadCounter.table,NW_015090842.1:8990090,41553863,2 ,2 ,4 
CA5A,s1324_SAT_M_BLOOD_ASEReadCounter.table,NW_015090842.1:8990095,41553863,2 ,2 ,5 
CA5A,s1324_SAT_M_BLOOD_ASEReadCounter.table,NW_015090842.1:8990111,41553863,2 ,2 ,3 
CA5A,s1324_SAT_M_BLOOD_ASEReadCounter.table,NW_015090842.1:8990112,41553863,2 ,1 ,3 
CA5A,s1324_SAT_M_BLOOD_ASEReadCounter.table,NW_015090842.1:8990115,41553863,2 ,1 ,3 
CA5A,s1324_SAT_M_BLOOD_ASEReadCounter.table,NW_015090842.1:8990166,41553863,2 ,2 ,4 
CA5A,s1324_SAT_M_BLOOD_ASEReadCounter.table,NW_015090842.1:8990169,41553863,2 ,2 ,4 
CA5A,s1324_SAT_M_BLOOD_ASEReadCounter.table,NW_015090842.1:8990222,41553863,1 ,1 ,3 
CA5A,s1324_SAT_M_BLOOD_ASEReadCounter.table,NW_015090842.1:8990289,41553863,2 ,2 ,4 
CA5A,s1324_SAT_M_BLOOD_ASEReadCounter.table,NW_015090842.1:8990314,41553863,1 ,2 ,4 
CA5A,s1324_SAT_M_BLOOD_ASEReadCounter.table,NW_015090842.1:8990361,41553863,1 ,2 ,3 
CA5A,s1324_SAT_M_BLOOD_ASEReadCounter.table,NW_015090842.1:8990368,41553863,1 ,2 ,3 
CA5A,s1324_SAT_M_BLOOD_ASEReadCounter.table,NW_015090842.1:8990429,41553863,2 ,1 ,3 
CA5A,s1324_SAT_M_BLOOD_ASEReadCounter.table,NW_015090842.1:8990466,41553863,1 ,1 ,3 
CA5A,s1324_SAT_M_BLOOD_ASEReadCounter.table,NW_015090842.1:8990663,41553863,2 ,1 ,3 
CA5A,s1324_SAT_M_BLOOD_ASEReadCounter.table,NW_015090842.1:8990797,41553863,2 ,1 ,3 
CA5A,s1324_SAT_M_BLOOD_ASEReadCounter.table,NW_015090842.1:8990836,41553863,3 ,0 ,4 
CA5A,s1324_SAT_M_BLOOD_ASEReadCounter.table,NW_015090842.1:8990842,41553863,3 ,0 ,3 
CA5A,s1324_SAT_M_BLOOD_ASEReadCounter.table,NW_015090842.1:8990851,41553863,3 ,0 ,4 
CA5A,s1324_SAT_M_BLOOD_ASEReadCounter.table,NW_015090842.1:8990918,41553863,2 ,1 ,3 
CA5A,s1324_SAT_M_BLOOD_ASEReadCounter.table,NW_015090842.1:8990921,41553863,2 ,1 ,3 
CA5A,s1324_SAT_M_BLOOD_ASEReadCounter.table,NW_015090842.1:8990942,41553863,2 ,1 ,3 
CA5A,s1324_SAT_M_BLOOD_ASEReadCounter.table,NW_015090842.1:8991001,41553863,2 ,1 ,3 
CA5A,s1324_SAT_M_BLOOD_ASEReadCounter.table,NW_015090842.1:8991038,41553863,2 ,2 ,4 
CA5A,s1324_SAT_M_BLOOD_ASEReadCounter.table,NW_015090842.1:8991149,41553863,3 ,0 ,3 
CA5A,s1324_SAT_M_BLOOD_ASEReadCounter.table,NW_015090842.1:8991176,41553863,2 ,1 ,3 
CA5A,s1324_SAT_M_BLOOD_ASEReadCounter.table,NW_015090842.1:8991241,41553863,1 ,1 ,2 
CA5A,s1324_SAT_M_BLOOD_ASEReadCounter.table,NW_015090842.1:8991262,41553863,1 ,1 ,2 
CA5A,s1324_SAT_M_BLOOD_ASEReadCounter.table,NW_015090842.1:8991316,41553863,1 ,0 ,1 
CA5A,s1324_SAT_M_BLOOD_ASEReadCounter.table,NW_015090842.1:8991319,41553863,1 ,0 ,1 
CA5A,s1324_SAT_M_BLOOD_ASEReadCounter.table,NW_015090842.1:8991330,41553863,1 ,0 ,1 
CA5A,s1324_SAT_M_BLOOD_ASEReadCounter.table,NW_015090842.1:8991334,41553863,1 ,0 ,1 
CA5A,s1324_SAT_M_BLOOD_ASEReadCounter.table,NW_015090842.1:8991362,41553863,2 ,1 ,3 
CA5A,s1324_SAT_M_BLOOD_ASEReadCounter.table,NW_015090842.1:8991368,41553863,2 ,1 ,3 
CA5A,s1324_SAT_M_BLOOD_ASEReadCounter.table,NW_015090842.1:8991390,41553863,1 ,1 ,2 
CA5A,s1324_SAT_M_BLOOD_ASEReadCounter.table,NW_015090842.1:8991395,41553863,1 ,1 ,2 
CA5A,s1324_SAT_M_BLOOD_ASEReadCounter.table,NW_015090842.1:8991422,41553863,2 ,1 ,3 
CA5A,s1324_SAT_M_BLOOD_ASEReadCounter.table,NW_015090842.1:8991467,41553863,1 ,1 ,2 
CA5A,s1324_SAT_M_BLOOD_ASEReadCounter.table,NW_015090842.1:8991576,41553863,1 ,1 ,2 
CA5A,s1324_SAT_M_BLOOD_ASEReadCounter.table,NW_015090842.1:8991587,41553863,2 ,2 ,3 
CA5A,s1324_SAT_M_BLOOD_ASEReadCounter.table,NW_015090842.1:8991655,41553863,2 ,1 ,3 
CA5A,s1324_SAT_M_BLOOD_ASEReadCounter.table,NW_015090842.1:8991717,41553863,2 ,1 ,2 
CA5A,s1324_SAT_M_BLOOD_ASEReadCounter.table,NW_015090842.1:8991726,41553863,1 ,1 ,2 
CA5A,s1324_SAT_M_BLOOD_ASEReadCounter.table,NW_015090842.1:8991799,41553863,2 ,0 ,2 
CA5A,s1324_SAT_M_BLOOD_ASEReadCounter.table,NW_015090842.1:8991809,41553863,1 ,1 ,2 
CA5A,s1324_SAT_M_BLOOD_ASEReadCounter.table,NW_015090842.1:8991848,41553863,1 ,1 ,2 
CA5A,s1324_SAT_M_BLOOD_ASEReadCounter.table,NW_015090842.1:8991849,41553863,1 ,1 ,2 
CA5A,s1324_SAT_M_BLOOD_ASEReadCounter.table,NW_015090842.1:8991927,41553863,1 ,1 ,2 
CA5A,s1324_SAT_M_BLOOD_ASEReadCounter.table,NW_015090842.1:8991941,41553863,1 ,1 ,2 
CA5A,s1324_SAT_M_BLOOD_ASEReadCounter.table,NW_015090842.1:8992121,41553863,1 ,2 ,3 
CA5A,s1324_SAT_M_BLOOD_ASEReadCounter.table,NW_015090842.1:8992224,41553863,0 ,1 ,2 
CA5A,s1324_SAT_M_BLOOD_ASEReadCounter.table,NW_015090842.1:9002570,41553863,1 ,1 ,2 
CA5A,s1324_SAT_M_BLOOD_ASEReadCounter.table,NW_015090842.1:9002600,41553863,1 ,1 ,1 
CA5A,s1324_SAT_M_BLOOD_ASEReadCounter.table,NW_015090842.1:9004312,41553863,1 ,0 ,1 
CA5A,s1324_SAT_M_BLOOD_ASEReadCounter.table,NW_015090842.1:9005140,41553863,0 ,0 ,0 
CA5A,s1324_SAT_M_BLOOD_ASEReadCounter.table,NW_015090842.1:9005152,41553863,0 ,0 ,0 
BANP,s1324_SAT_M_BLOOD_ASEReadCounter.table,NW_015090842.1:9033407,41553863,13 ,20 ,33 
BANP,s1324_SAT_M_BLOOD_ASEReadCounter.table,NW_015090842.1:9033409,41553863,13 ,20 ,33 
BANP,s1324_SAT_M_BLOOD_ASEReadCounter.table,NW_015090842.1:9033420,41553863,16 ,25 ,40 
BANP,s1324_SAT_M_BLOOD_ASEReadCounter.table,NW_015090842.1:9055284,41553863,16 ,21 ,38 
ZC3H18,s1324_SAT_M_BLOOD_ASEReadCounter.table,NW_015090842.1:9528933,41553863,4 ,5 ,10 
MVD,s1324_SAT_M_BLOOD_ASEReadCounter.table,NW_015090842.1:9550690,41553863,3 ,0 ,3 
MVD,s1324_SAT_M_BLOOD_ASEReadCounter.table,NW_015090842.1:9550691,41553863,3 ,0 ,3 
MVD,s1324_SAT_M_BLOOD_ASEReadCounter.table,NW_015090842.1:9550699,41553863,4 ,0 ,4 
MVD,s1324_SAT_M_BLOOD_ASEReadCounter.table,NW_015090842.1:9550701,41553863,4 ,0 ,4 
MVD,s1324_SAT_M_BLOOD_ASEReadCounter.table,NW_015090842.1:9552202,41553863,6 ,0 ,6 
MVD,s1324_SAT_M_BLOOD_ASEReadCounter.table,NW_015090842.1:9552223,41553863,6 ,0 ,6 
MVD,s1324_SAT_M_BLOOD_ASEReadCounter.table,NW_015090842.1:9552533,41553863,4 ,0 ,4 
MVD,s1324_SAT_M_BLOOD_ASEReadCounter.table,NW_015090842.1:9552644,41553863,2 ,2 ,4 
PIEZO1,s1324_SAT_M_BLOOD_ASEReadCounter.table,NW_015090842.1:9577447,41553863,0 ,0 ,0 
PIEZO1,s1324_SAT_M_BLOOD_ASEReadCounter.table,NW_015090842.1:9582630,41553863,0 ,0 ,0 
PIEZO1,s1324_SAT_M_BLOOD_ASEReadCounter.table,NW_015090842.1:9583326,41553863,0 ,0 ,0 
CDT1,s1324_SAT_M_BLOOD_ASEReadCounter.table,NW_015090842.1:9598873,41553863,0 ,0 ,0 
ACSF3,s1324_SAT_M_BLOOD_ASEReadCounter.table,NW_015090842.1:9776737,41553863,4 ,3 ,7 
ACSF3,s1324_SAT_M_BLOOD_ASEReadCounter.table,NW_015090842.1:9809639,41553863,28 ,0 ,28 
ACSF3,s1324_SAT_M_BLOOD_ASEReadCounter.table,NW_015090842.1:9834743,41553863,21 ,13 ,34 
ACSF3,s1324_SAT_M_BLOOD_ASEReadCounter.table,NW_015090842.1:9834762,41553863,35 ,0 ,35 
ACSF3,s1324_SAT_M_BLOOD_ASEReadCounter.table,NW_015090842.1:9834852,41553863,16 ,12 ,27 
ACSF3,s1324_SAT_M_BLOOD_ASEReadCounter.table,NW_015090842.1:9834861,41553863,14 ,12 ,26 
ACSF3,s1324_SAT_M_BLOOD_ASEReadCounter.table,NW_015090842.1:9839359,41553863,11 ,9 ,19 
ACSF3,s1324_SAT_M_BLOOD_ASEReadCounter.table,NW_015090842.1:9839378,41553863,10 ,8 ,18 
ACSF3,s1324_SAT_M_BLOOD_ASEReadCounter.table,NW_015090842.1:9839455,41553863,10 ,9 ,19 
ACSF3,s1324_SAT_M_BLOOD_ASEReadCounter.table,NW_015090842.1:9839457,41553863,10 ,8 ,19 
ACSF3,s1324_SAT_M_BLOOD_ASEReadCounter.table,NW_015090842.1:9839489,41553863,7 ,7 ,15 
ACSF3,s1324_SAT_M_BLOOD_ASEReadCounter.table,NW_015090842.1:9839500,41553863,5 ,6 ,11 
ACSF3,s1324_SAT_M_BLOOD_ASEReadCounter.table,NW_015090842.1:9839501,41553863,5 ,6 ,11 
ACSF3,s1324_SAT_M_BLOOD_ASEReadCounter.table,NW_015090842.1:9839504,41553863,6 ,6 ,12 
ACSF3,s1324_SAT_M_BLOOD_ASEReadCounter.table,NW_015090842.1:9839512,41553863,6 ,4 ,9 
ACSF3,s1324_SAT_M_BLOOD_ASEReadCounter.table,NW_015090842.1:9839527,41553863,4 ,3 ,7 
ACSF3,s1324_SAT_M_BLOOD_ASEReadCounter.table,NW_015090842.1:9839533,41553863,2 ,3 ,5 
ACSF3,s1324_SAT_M_BLOOD_ASEReadCounter.table,NW_015090842.1:9839535,41553863,2 ,2 ,5 
ACSF3,s1324_SAT_M_BLOOD_ASEReadCounter.table,NW_015090842.1:9839545,41553863,2 ,3 ,5 
ACSF3,s1324_SAT_M_BLOOD_ASEReadCounter.table,NW_015090842.1:9839550,41553863,2 ,2 ,4 
ACSF3,s1324_SAT_M_BLOOD_ASEReadCounter.table,NW_015090842.1:9839551,41553863,2 ,2 ,4 
SLC22A31,s1324_SAT_M_BLOOD_ASEReadCounter.table,NW_015090842.1:9853102,41553863,0 ,0 ,0 
SLC22A31,s1324_SAT_M_BLOOD_ASEReadCounter.table,NW_015090842.1:9853421,41553863,0 ,0 ,0 
SLC22A31,s1324_SAT_M_BLOOD_ASEReadCounter.table,NW_015090842.1:9853457,41553863,0 ,0 ,0 
ANKRD11,s1324_SAT_M_BLOOD_ASEReadCounter.table,NW_015090842.1:9858863,41553863,1 ,1 ,2 
ANKRD11,s1324_SAT_M_BLOOD_ASEReadCounter.table,NW_015090842.1:9859101,41553863,19 ,19 ,37 
ANKRD11,s1324_SAT_M_BLOOD_ASEReadCounter.table,NW_015090842.1:9859352,41553863,29 ,23 ,52 
ANKRD11,s1324_SAT_M_BLOOD_ASEReadCounter.table,NW_015090842.1:9859381,41553863,18 ,14 ,32 
ANKRD11,s1324_SAT_M_BLOOD_ASEReadCounter.table,NW_015090842.1:9859527,41553863,11 ,8 ,19 
ANKRD11,s1324_SAT_M_BLOOD_ASEReadCounter.table,NW_015090842.1:9859529,41553863,12 ,8 ,20 
ANKRD11,s1324_SAT_M_BLOOD_ASEReadCounter.table,NW_015090842.1:9859679,41553863,29 ,23 ,52 
ANKRD11,s1324_SAT_M_BLOOD_ASEReadCounter.table,NW_015090842.1:9861097,41553863,22 ,21 ,44 
ANKRD11,s1324_SAT_M_BLOOD_ASEReadCounter.table,NW_015090842.1:9862571,41553863,20 ,14 ,34 
ANKRD11,s1324_SAT_M_BLOOD_ASEReadCounter.table,NW_015090842.1:9866071,41553863,0 ,20 ,20 
ANKRD11,s1324_SAT_M_BLOOD_ASEReadCounter.table,NW_015090842.1:9866200,41553863,0 ,19 ,19 
ANKRD11,s1324_SAT_M_BLOOD_ASEReadCounter.table,NW_015090842.1:9867391,41553863,15 ,10 ,26 
ANKRD11,s1324_SAT_M_BLOOD_ASEReadCounter.table,NW_015090842.1:9867472,41553863,22 ,19 ,41 
ANKRD11,s1324_SAT_M_BLOOD_ASEReadCounter.table,NW_015090842.1:9867559,41553863,24 ,19 ,43 
ANKRD11,s1324_SAT_M_BLOOD_ASEReadCounter.table,NW_015090842.1:9867934,41553863,22 ,23 ,45 
ANKRD11,s1324_SAT_M_BLOOD_ASEReadCounter.table,NW_015090842.1:9868093,41553863,23 ,24 ,47 
ANKRD11,s1324_SAT_M_BLOOD_ASEReadCounter.table,NW_015090842.1:9868222,41553863,21 ,26 ,47 
ANKRD11,s1324_SAT_M_BLOOD_ASEReadCounter.table,NW_015090842.1:9868327,41553863,24 ,19 ,43 
ANKRD11,s1324_SAT_M_BLOOD_ASEReadCounter.table,NW_015090842.1:9868414,41553863,26 ,26 ,52 
ANKRD11,s1324_SAT_M_BLOOD_ASEReadCounter.table,NW_015090842.1:9868441,41553863,25 ,25 ,50 
ANKRD11,s1324_SAT_M_BLOOD_ASEReadCounter.table,NW_015090842.1:9868444,41553863,26 ,27 ,52 
ANKRD11,s1324_SAT_M_BLOOD_ASEReadCounter.table,NW_015090842.1:9868519,41553863,31 ,32 ,63 
ANKRD11,s1324_SAT_M_BLOOD_ASEReadCounter.table,NW_015090842.1:9868609,41553863,35 ,31 ,66 
ANKRD11,s1324_SAT_M_BLOOD_ASEReadCounter.table,NW_015090842.1:9868666,41553863,36 ,33 ,70 
ANKRD11,s1324_SAT_M_BLOOD_ASEReadCounter.table,NW_015090842.1:9869431,41553863,34 ,28 ,62 
ANKRD11,s1324_SAT_M_BLOOD_ASEReadCounter.table,NW_015090842.1:9869578,41553863,43 ,38 ,81 
ANKRD11,s1324_SAT_M_BLOOD_ASEReadCounter.table,NW_015090842.1:9869734,41553863,47 ,42 ,89 
ANKRD11,s1324_SAT_M_BLOOD_ASEReadCounter.table,NW_015090842.1:9870070,41553863,34 ,36 ,70 
ANKRD11,s1324_SAT_M_BLOOD_ASEReadCounter.table,NW_015090842.1:9870349,41553863,37 ,39 ,76 
ANKRD11,s1324_SAT_M_BLOOD_ASEReadCounter.table,NW_015090842.1:9870604,41553863,34 ,36 ,70 
ANKRD11,s1324_SAT_M_BLOOD_ASEReadCounter.table,NW_015090842.1:9870613,41553863,37 ,37 ,73 
ANKRD11,s1324_SAT_M_BLOOD_ASEReadCounter.table,NW_015090842.1:9870685,41553863,44 ,47 ,91 
ANKRD11,s1324_SAT_M_BLOOD_ASEReadCounter.table,NW_015090842.1:9870847,41553863,42 ,42 ,84 
ANKRD11,s1324_SAT_M_BLOOD_ASEReadCounter.table,NW_015090842.1:9871103,41553863,42 ,33 ,75 
ANKRD11,s1324_SAT_M_BLOOD_ASEReadCounter.table,NW_015090842.1:9871165,41553863,40 ,37 ,77 
ANKRD11,s1324_SAT_M_BLOOD_ASEReadCounter.table,NW_015090842.1:9871820,41553863,23 ,24 ,46 
ANKRD11,s1324_SAT_M_BLOOD_ASEReadCounter.table,NW_015090842.1:9871994,41553863,54 ,0 ,54 
ANKRD11,s1324_SAT_M_BLOOD_ASEReadCounter.table,NW_015090842.1:9872118,41553863,30 ,27 ,58 
SPG7,s1324_SAT_M_BLOOD_ASEReadCounter.table,NW_015090842.1:10051190,41553863,10 ,9 ,19 
SPG7,s1324_SAT_M_BLOOD_ASEReadCounter.table,NW_015090842.1:10051218,41553863,13 ,8 ,21 
SPG7,s1324_SAT_M_BLOOD_ASEReadCounter.table,NW_015090842.1:10052348,41553863,14 ,11 ,26 
SPG7,s1324_SAT_M_BLOOD_ASEReadCounter.table,NW_015090842.1:10052366,41553863,12 ,10 ,22 
SPG7,s1324_SAT_M_BLOOD_ASEReadCounter.table,NW_015090842.1:10065173,41553863,16 ,11 ,27 
SPG7,s1324_SAT_M_BLOOD_ASEReadCounter.table,NW_015090842.1:10065215,41553863,16 ,9 ,25 
SPG7,s1324_SAT_M_BLOOD_ASEReadCounter.table,NW_015090842.1:10066301,41553863,12 ,6 ,18 
SPG7,s1324_SAT_M_BLOOD_ASEReadCounter.table,NW_015090842.1:10066365,41553863,12 ,7 ,20 
SPG7,s1324_SAT_M_BLOOD_ASEReadCounter.table,NW_015090842.1:10069752,41553863,11 ,11 ,21 
SPG7,s1324_SAT_M_BLOOD_ASEReadCounter.table,NW_015090842.1:10069800,41553863,12 ,11 ,23 
SPG7,s1324_SAT_M_BLOOD_ASEReadCounter.table,NW_015090842.1:10071192,41553863,12 ,9 ,22 
SPG7,s1324_SAT_M_BLOOD_ASEReadCounter.table,NW_015090842.1:10071204,41553863,11 ,9 ,21 
SPG7,s1324_SAT_M_BLOOD_ASEReadCounter.table,NW_015090842.1:10071219,41553863,10 ,10 ,20 
SPG7,s1324_SAT_M_BLOOD_ASEReadCounter.table,NW_015090842.1:10071967,41553863,9 ,10 ,19 
SPG7,s1324_SAT_M_BLOOD_ASEReadCounter.table,NW_015090842.1:10075109,41553863,13 ,8 ,21 
SPG7,s1324_SAT_M_BLOOD_ASEReadCounter.table,NW_015090842.1:10075114,41553863,14 ,8 ,22 
SPG7,s1324_SAT_M_BLOOD_ASEReadCounter.table,NW_015090842.1:10075198,41553863,12 ,7 ,19 
SPG7,s1324_SAT_M_BLOOD_ASEReadCounter.table,NW_015090842.1:10075487,41553863,4 ,5 ,9 
SPG7,s1324_SAT_M_BLOOD_ASEReadCounter.table,NW_015090842.1:10075488,41553863,4 ,5 ,9 
SPG7,s1324_SAT_M_BLOOD_ASEReadCounter.table,NW_015090842.1:10075548,41553863,4 ,3 ,7 
RPL13,s1324_SAT_M_BLOOD_ASEReadCounter.table,NW_015090842.1:10076979,41553863,5 ,2 ,7 
RPL13,s1324_SAT_M_BLOOD_ASEReadCounter.table,NW_015090842.1:10077387,41553863,159 ,210 ,369 
RPL13,s1324_SAT_M_BLOOD_ASEReadCounter.table,NW_015090842.1:10077978,41553863,264 ,273 ,537 
RPL13,s1324_SAT_M_BLOOD_ASEReadCounter.table,NW_015090842.1:10077992,41553863,264 ,263 ,527 
CHMP1A,s1324_SAT_M_BLOOD_ASEReadCounter.table,NW_015090842.1:10102901,41553863,9 ,9 ,19 
CHMP1A,s1324_SAT_M_BLOOD_ASEReadCounter.table,NW_015090842.1:10102961,41553863,14 ,16 ,30 
CHMP1A,s1324_SAT_M_BLOOD_ASEReadCounter.table,NW_015090842.1:10102996,41553863,14 ,15 ,29 
CHMP1A,s1324_SAT_M_BLOOD_ASEReadCounter.table,NW_015090842.1:10103004,41553863,15 ,15 ,31 
CHMP1A,s1324_SAT_M_BLOOD_ASEReadCounter.table,NW_015090842.1:10103006,41553863,15 ,15 ,31 
CHMP1A,s1324_SAT_M_BLOOD_ASEReadCounter.table,NW_015090842.1:10103052,41553863,19 ,16 ,35 
CHMP1A,s1324_SAT_M_BLOOD_ASEReadCounter.table,NW_015090842.1:10103095,41553863,19 ,20 ,39 
CHMP1A,s1324_SAT_M_BLOOD_ASEReadCounter.table,NW_015090842.1:10103096,41553863,19 ,20 ,39 
CHMP1A,s1324_SAT_M_BLOOD_ASEReadCounter.table,NW_015090842.1:10103152,41553863,17 ,18 ,34 
CHMP1A,s1324_SAT_M_BLOOD_ASEReadCounter.table,NW_015090842.1:10103334,41553863,12 ,11 ,23 
CHMP1A,s1324_SAT_M_BLOOD_ASEReadCounter.table,NW_015090842.1:10103373,41553863,9 ,11 ,20 
CHMP1A,s1324_SAT_M_BLOOD_ASEReadCounter.table,NW_015090842.1:10103408,41553863,14 ,17 ,31 
CHMP1A,s1324_SAT_M_BLOOD_ASEReadCounter.table,NW_015090842.1:10103412,41553863,16 ,18 ,34 
CHMP1A,s1324_SAT_M_BLOOD_ASEReadCounter.table,NW_015090842.1:10103512,41553863,23 ,20 ,44 
CHMP1A,s1324_SAT_M_BLOOD_ASEReadCounter.table,NW_015090842.1:10103513,41553863,22 ,20 ,43 
CHMP1A,s1324_SAT_M_BLOOD_ASEReadCounter.table,NW_015090842.1:10103583,41553863,18 ,14 ,32 
CHMP1A,s1324_SAT_M_BLOOD_ASEReadCounter.table,NW_015090842.1:10103614,41553863,17 ,14 ,31 
CHMP1A,s1324_SAT_M_BLOOD_ASEReadCounter.table,NW_015090842.1:10103657,41553863,16 ,16 ,32 
CHMP1A,s1324_SAT_M_BLOOD_ASEReadCounter.table,NW_015090842.1:10103669,41553863,13 ,14 ,27 
CHMP1A,s1324_SAT_M_BLOOD_ASEReadCounter.table,NW_015090842.1:10103674,41553863,14 ,14 ,28 
CHMP1A,s1324_SAT_M_BLOOD_ASEReadCounter.table,NW_015090842.1:10103677,41553863,14 ,14 ,28 
CHMP1A,s1324_SAT_M_BLOOD_ASEReadCounter.table,NW_015090842.1:10103729,41553863,20 ,13 ,33 
CHMP1A,s1324_SAT_M_BLOOD_ASEReadCounter.table,NW_015090842.1:10103758,41553863,24 ,11 ,35 
CHMP1A,s1324_SAT_M_BLOOD_ASEReadCounter.table,NW_015090842.1:10103761,41553863,23 ,13 ,37 
CHMP1A,s1324_SAT_M_BLOOD_ASEReadCounter.table,NW_015090842.1:10103788,41553863,22 ,19 ,40 
CHMP1A,s1324_SAT_M_BLOOD_ASEReadCounter.table,NW_015090842.1:10103789,41553863,22 ,19 ,41 
CHMP1A,s1324_SAT_M_BLOOD_ASEReadCounter.table,NW_015090842.1:10103790,41553863,22 ,19 ,41 
CHMP1A,s1324_SAT_M_BLOOD_ASEReadCounter.table,NW_015090842.1:10103950,41553863,22 ,19 ,41 
CHMP1A,s1324_SAT_M_BLOOD_ASEReadCounter.table,NW_015090842.1:10104335,41553863,15 ,17 ,32 
CHMP1A,s1324_SAT_M_BLOOD_ASEReadCounter.table,NW_015090842.1:10104429,41553863,25 ,23 ,47 
CHMP1A,s1324_SAT_M_BLOOD_ASEReadCounter.table,NW_015090842.1:10104532,41553863,20 ,25 ,45 
CHMP1A,s1324_SAT_M_BLOOD_ASEReadCounter.table,NW_015090842.1:10104633,41553863,18 ,17 ,34 
CHMP1A,s1324_SAT_M_BLOOD_ASEReadCounter.table,NW_015090842.1:10104759,41553863,19 ,18 ,38 
CHMP1A,s1324_SAT_M_BLOOD_ASEReadCounter.table,NW_015090842.1:10104794,41553863,24 ,19 ,44 
CHMP1A,s1324_SAT_M_BLOOD_ASEReadCounter.table,NW_015090842.1:10104844,41553863,22 ,15 ,37 
CHMP1A,s1324_SAT_M_BLOOD_ASEReadCounter.table,NW_015090842.1:10106290,41553863,17 ,17 ,33 
CHMP1A,s1324_SAT_M_BLOOD_ASEReadCounter.table,NW_015090842.1:10106335,41553863,20 ,19 ,38 
CHMP1A,s1324_SAT_M_BLOOD_ASEReadCounter.table,NW_015090842.1:10106383,41553863,27 ,23 ,50 
CHMP1A,s1324_SAT_M_BLOOD_ASEReadCounter.table,NW_015090842.1:10106747,41553863,25 ,23 ,48 
CHMP1A,s1324_SAT_M_BLOOD_ASEReadCounter.table,NW_015090842.1:10107404,41553863,27 ,30 ,57 
CHMP1A,s1324_SAT_M_BLOOD_ASEReadCounter.table,NW_015090842.1:10107410,41553863,28 ,30 ,58 
CHMP1A,s1324_SAT_M_BLOOD_ASEReadCounter.table,NW_015090842.1:10107876,41553863,19 ,23 ,41 
CDK10,s1324_SAT_M_BLOOD_ASEReadCounter.table,NW_015090842.1:10109030,41553863,7 ,0 ,7 
CDK10,s1324_SAT_M_BLOOD_ASEReadCounter.table,NW_015090842.1:10109963,41553863,27 ,27 ,54 
CDK10,s1324_SAT_M_BLOOD_ASEReadCounter.table,NW_015090842.1:10110887,41553863,32 ,36 ,68 
CDK10,s1324_SAT_M_BLOOD_ASEReadCounter.table,NW_015090842.1:10111254,41553863,25 ,37 ,62 
CDK10,s1324_SAT_M_BLOOD_ASEReadCounter.table,NW_015090842.1:10111380,41553863,28 ,41 ,69 
CDK10,s1324_SAT_M_BLOOD_ASEReadCounter.table,NW_015090842.1:10111395,41553863,30 ,39 ,69 
CDK10,s1324_SAT_M_BLOOD_ASEReadCounter.table,NW_015090842.1:10111437,41553863,32 ,39 ,71 
CDK10,s1324_SAT_M_BLOOD_ASEReadCounter.table,NW_015090842.1:10111798,41553863,32 ,35 ,67 
CDK10,s1324_SAT_M_BLOOD_ASEReadCounter.table,NW_015090842.1:10111840,41553863,37 ,37 ,73 
CDK10,s1324_SAT_M_BLOOD_ASEReadCounter.table,NW_015090842.1:10112031,41553863,35 ,40 ,75 
CDK10,s1324_SAT_M_BLOOD_ASEReadCounter.table,NW_015090842.1:10112285,41553863,30 ,33 ,63 
CDK10,s1324_SAT_M_BLOOD_ASEReadCounter.table,NW_015090842.1:10112398,41553863,32 ,32 ,65 
CDK10,s1324_SAT_M_BLOOD_ASEReadCounter.table,NW_015090842.1:10112455,41553863,25 ,30 ,55 
CDK10,s1324_SAT_M_BLOOD_ASEReadCounter.table,NW_015090842.1:10112461,41553863,23 ,27 ,51 
CDK10,s1324_SAT_M_BLOOD_ASEReadCounter.table,NW_015090842.1:10112497,41553863,23 ,22 ,45 
CDK10,s1324_SAT_M_BLOOD_ASEReadCounter.table,NW_015090842.1:10112508,41553863,26 ,23 ,48 
CDK10,s1324_SAT_M_BLOOD_ASEReadCounter.table,NW_015090842.1:10112518,41553863,25 ,20 ,45 
CDK10,s1324_SAT_M_BLOOD_ASEReadCounter.table,NW_015090842.1:10112540,41553863,28 ,17 ,45 
CDK10,s1324_SAT_M_BLOOD_ASEReadCounter.table,NW_015090842.1:10112556,41553863,27 ,21 ,48 
CDK10,s1324_SAT_M_BLOOD_ASEReadCounter.table,NW_015090842.1:10112561,41553863,26 ,23 ,49 
CDK10,s1324_SAT_M_BLOOD_ASEReadCounter.table,NW_015090842.1:10112596,41553863,25 ,22 ,48 
CDK10,s1324_SAT_M_BLOOD_ASEReadCounter.table,NW_015090842.1:10112630,41553863,18 ,19 ,37 
CDK10,s1324_SAT_M_BLOOD_ASEReadCounter.table,NW_015090842.1:10112656,41553863,20 ,19 ,38 
CDK10,s1324_SAT_M_BLOOD_ASEReadCounter.table,NW_015090842.1:10112665,41553863,17 ,16 ,33 
CDK10,s1324_SAT_M_BLOOD_ASEReadCounter.table,NW_015090842.1:10112668,41553863,16 ,16 ,32 
CDK10,s1324_SAT_M_BLOOD_ASEReadCounter.table,NW_015090842.1:10112781,41553863,8 ,7 ,15 
CDK10,s1324_SAT_M_BLOOD_ASEReadCounter.table,NW_015090842.1:10112782,41553863,8 ,7 ,15 
CDK10,s1324_SAT_M_BLOOD_ASEReadCounter.table,NW_015090842.1:10112795,41553863,8 ,6 ,14 
CDK10,s1324_SAT_M_BLOOD_ASEReadCounter.table,NW_015090842.1:10112841,41553863,1 ,0 ,1 
CDK10,s1324_SAT_M_BLOOD_ASEReadCounter.table,NW_015090842.1:10112861,41553863,0 ,0 ,1 
SPATA2L,s1324_SAT_M_BLOOD_ASEReadCounter.table,NW_015090842.1:10113212,41553863,0 ,1 ,2 
SPATA2L,s1324_SAT_M_BLOOD_ASEReadCounter.table,NW_015090842.1:10113280,41553863,0 ,1 ,2 
SPATA2L,s1324_SAT_M_BLOOD_ASEReadCounter.table,NW_015090842.1:10113296,41553863,1 ,1 ,2 
SPATA2L,s1324_SAT_M_BLOOD_ASEReadCounter.table,NW_015090842.1:10113321,41553863,1 ,2 ,2 
SPATA2L,s1324_SAT_M_BLOOD_ASEReadCounter.table,NW_015090842.1:10113332,41553863,1 ,2 ,3 
SPATA2L,s1324_SAT_M_BLOOD_ASEReadCounter.table,NW_015090842.1:10113380,41553863,0 ,2 ,2 
SPATA2L,s1324_SAT_M_BLOOD_ASEReadCounter.table,NW_015090842.1:10113381,41553863,0 ,2 ,2 
SPATA2L,s1324_SAT_M_BLOOD_ASEReadCounter.table,NW_015090842.1:10113412,41553863,0 ,2 ,3 
SPATA2L,s1324_SAT_M_BLOOD_ASEReadCounter.table,NW_015090842.1:10113421,41553863,0 ,2 ,3 
SPATA2L,s1324_SAT_M_BLOOD_ASEReadCounter.table,NW_015090842.1:10113465,41553863,1 ,2 ,3 
SPATA2L,s1324_SAT_M_BLOOD_ASEReadCounter.table,NW_015090842.1:10113535,41553863,2 ,2 ,4 
SPATA2L,s1324_SAT_M_BLOOD_ASEReadCounter.table,NW_015090842.1:10113645,41553863,1 ,3 ,3 
SPATA2L,s1324_SAT_M_BLOOD_ASEReadCounter.table,NW_015090842.1:10113682,41553863,1 ,3 ,4 
SPATA2L,s1324_SAT_M_BLOOD_ASEReadCounter.table,NW_015090842.1:10113696,41553863,1 ,3 ,4 
SPATA2L,s1324_SAT_M_BLOOD_ASEReadCounter.table,NW_015090842.1:10113727,41553863,1 ,4 ,5 
SPATA2L,s1324_SAT_M_BLOOD_ASEReadCounter.table,NW_015090842.1:10113729,41553863,1 ,4 ,5 
SPATA2L,s1324_SAT_M_BLOOD_ASEReadCounter.table,NW_015090842.1:10113799,41553863,0 ,4 ,5 
SPATA2L,s1324_SAT_M_BLOOD_ASEReadCounter.table,NW_015090842.1:10113809,41553863,0 ,5 ,5 
SPATA2L,s1324_SAT_M_BLOOD_ASEReadCounter.table,NW_015090842.1:10113827,41553863,0 ,5 ,5 
SPATA2L,s1324_SAT_M_BLOOD_ASEReadCounter.table,NW_015090842.1:10113831,41553863,0 ,4 ,4 
SPATA2L,s1324_SAT_M_BLOOD_ASEReadCounter.table,NW_015090842.1:10113894,41553863,0 ,4 ,4 
SPATA2L,s1324_SAT_M_BLOOD_ASEReadCounter.table,NW_015090842.1:10113905,41553863,0 ,5 ,5 
SPATA2L,s1324_SAT_M_BLOOD_ASEReadCounter.table,NW_015090842.1:10113914,41553863,1 ,4 ,5 
SPATA2L,s1324_SAT_M_BLOOD_ASEReadCounter.table,NW_015090842.1:10113920,41553863,1 ,5 ,6 
SPATA2L,s1324_SAT_M_BLOOD_ASEReadCounter.table,NW_015090842.1:10113937,41553863,1 ,5 ,6 
SPATA2L,s1324_SAT_M_BLOOD_ASEReadCounter.table,NW_015090842.1:10113971,41553863,1 ,4 ,5 
SPATA2L,s1324_SAT_M_BLOOD_ASEReadCounter.table,NW_015090842.1:10113976,41553863,1 ,4 ,6 
SPATA2L,s1324_SAT_M_BLOOD_ASEReadCounter.table,NW_015090842.1:10113985,41553863,1 ,4 ,5 
SPATA2L,s1324_SAT_M_BLOOD_ASEReadCounter.table,NW_015090842.1:10113994,41553863,1 ,4 ,5 
SPATA2L,s1324_SAT_M_BLOOD_ASEReadCounter.table,NW_015090842.1:10114063,41553863,0 ,3 ,3 
SPATA2L,s1324_SAT_M_BLOOD_ASEReadCounter.table,NW_015090842.1:10114066,41553863,0 ,3 ,3 
SPATA2L,s1324_SAT_M_BLOOD_ASEReadCounter.table,NW_015090842.1:10114069,41553863,0 ,3 ,4 
SPATA2L,s1324_SAT_M_BLOOD_ASEReadCounter.table,NW_015090842.1:10114159,41553863,0 ,3 ,3 
SPATA2L,s1324_SAT_M_BLOOD_ASEReadCounter.table,NW_015090842.1:10114262,41553863,4 ,0 ,4 
SPATA2L,s1324_SAT_M_BLOOD_ASEReadCounter.table,NW_015090842.1:10114470,41553863,0 ,1 ,2 
SPATA2L,s1324_SAT_M_BLOOD_ASEReadCounter.table,NW_015090842.1:10114524,41553863,0 ,2 ,2 
VPS9D1,s1324_SAT_M_BLOOD_ASEReadCounter.table,NW_015090842.1:10116377,41553863,0 ,0 ,0 
VPS9D1,s1324_SAT_M_BLOOD_ASEReadCounter.table,NW_015090842.1:10116415,41553863,0 ,0 ,0 
VPS9D1,s1324_SAT_M_BLOOD_ASEReadCounter.table,NW_015090842.1:10117480,41553863,0 ,0 ,0 
VPS9D1,s1324_SAT_M_BLOOD_ASEReadCounter.table,NW_015090842.1:10117773,41553863,0 ,0 ,0 
VPS9D1,s1324_SAT_M_BLOOD_ASEReadCounter.table,NW_015090842.1:10117937,41553863,0 ,0 ,0 
VPS9D1,s1324_SAT_M_BLOOD_ASEReadCounter.table,NW_015090842.1:10118414,41553863,0 ,0 ,0 
ZNF276,s1324_SAT_M_BLOOD_ASEReadCounter.table,NW_015090842.1:10121760,41553863,1 ,0 ,2 
ZNF276,s1324_SAT_M_BLOOD_ASEReadCounter.table,NW_015090842.1:10121769,41553863,1 ,0 ,2 
ZNF276,s1324_SAT_M_BLOOD_ASEReadCounter.table,NW_015090842.1:10121802,41553863,2 ,1 ,4 
ZNF276,s1324_SAT_M_BLOOD_ASEReadCounter.table,NW_015090842.1:10121971,41553863,4 ,4 ,8 
ZNF276,s1324_SAT_M_BLOOD_ASEReadCounter.table,NW_015090842.1:10122161,41553863,9 ,0 ,9 
ZNF276,s1324_SAT_M_BLOOD_ASEReadCounter.table,NW_015090842.1:10122164,41553863,9 ,0 ,9 
ZNF276,s1324_SAT_M_BLOOD_ASEReadCounter.table,NW_015090842.1:10122184,41553863,8 ,0 ,8 
ZNF276,s1324_SAT_M_BLOOD_ASEReadCounter.table,NW_015090842.1:10122883,41553863,4 ,3 ,7 
ZNF276,s1324_SAT_M_BLOOD_ASEReadCounter.table,NW_015090842.1:10122997,41553863,5 ,4 ,8 
ZNF276,s1324_SAT_M_BLOOD_ASEReadCounter.table,NW_015090842.1:10123069,41553863,4 ,4 ,9 
ZNF276,s1324_SAT_M_BLOOD_ASEReadCounter.table,NW_015090842.1:10123207,41553863,6 ,5 ,10 
ZNF276,s1324_SAT_M_BLOOD_ASEReadCounter.table,NW_015090842.1:10125787,41553863,4 ,4 ,8 
ZNF276,s1324_SAT_M_BLOOD_ASEReadCounter.table,NW_015090842.1:10126309,41553863,7 ,3 ,10 
ZNF276,s1324_SAT_M_BLOOD_ASEReadCounter.table,NW_015090842.1:10126348,41553863,7 ,3 ,9 
ZNF276,s1324_SAT_M_BLOOD_ASEReadCounter.table,NW_015090842.1:10126978,41553863,5 ,3 ,7 
ZNF276,s1324_SAT_M_BLOOD_ASEReadCounter.table,NW_015090842.1:10126991,41553863,5 ,3 ,8 
ZNF276,s1324_SAT_M_BLOOD_ASEReadCounter.table,NW_015090842.1:10127023,41553863,5 ,2 ,7 
ZNF276,s1324_SAT_M_BLOOD_ASEReadCounter.table,NW_015090842.1:10127063,41553863,5 ,3 ,8 
ZNF276,s1324_SAT_M_BLOOD_ASEReadCounter.table,NW_015090842.1:10127373,41553863,7 ,3 ,10 
ZNF276,s1324_SAT_M_BLOOD_ASEReadCounter.table,NW_015090842.1:10127931,41553863,7 ,7 ,15 
ZNF276,s1324_SAT_M_BLOOD_ASEReadCounter.table,NW_015090842.1:10128070,41553863,8 ,7 ,16 
ZNF276,s1324_SAT_M_BLOOD_ASEReadCounter.table,NW_015090842.1:10128102,41553863,8 ,7 ,15 
ZNF276,s1324_SAT_M_BLOOD_ASEReadCounter.table,NW_015090842.1:10128356,41553863,6 ,4 ,10 
ZNF276,s1324_SAT_M_BLOOD_ASEReadCounter.table,NW_015090842.1:10128497,41553863,4 ,3 ,7 
FANCA,s1324_SAT_M_BLOOD_ASEReadCounter.table,NW_015090842.1:10128743,41553863,0 ,0 ,0 
FANCA,s1324_SAT_M_BLOOD_ASEReadCounter.table,NW_015090842.1:10128822,41553863,0 ,0 ,0 
FANCA,s1324_SAT_M_BLOOD_ASEReadCounter.table,NW_015090842.1:10129383,41553863,0 ,0 ,0 
FANCA,s1324_SAT_M_BLOOD_ASEReadCounter.table,NW_015090842.1:10129390,41553863,0 ,0 ,0 
FANCA,s1324_SAT_M_BLOOD_ASEReadCounter.table,NW_015090842.1:10129422,41553863,0 ,0 ,1 
FANCA,s1324_SAT_M_BLOOD_ASEReadCounter.table,NW_015090842.1:10130399,41553863,0 ,1 ,1 
FANCA,s1324_SAT_M_BLOOD_ASEReadCounter.table,NW_015090842.1:10130857,41553863,0 ,0 ,0 
FANCA,s1324_SAT_M_BLOOD_ASEReadCounter.table,NW_015090842.1:10130878,41553863,0 ,0 ,0 
FANCA,s1324_SAT_M_BLOOD_ASEReadCounter.table,NW_015090842.1:10133530,41553863,0 ,0 ,0 
FANCA,s1324_SAT_M_BLOOD_ASEReadCounter.table,NW_015090842.1:10133533,41553863,0 ,0 ,0 
FANCA,s1324_SAT_M_BLOOD_ASEReadCounter.table,NW_015090842.1:10133536,41553863,0 ,0 ,0 
FANCA,s1324_SAT_M_BLOOD_ASEReadCounter.table,NW_015090842.1:10133601,41553863,0 ,0 ,0 
SPIRE2,s1324_SAT_M_BLOOD_ASEReadCounter.table,NW_015090842.1:10175704,41553863,0 ,0 ,0 
TCF25,s1324_SAT_M_BLOOD_ASEReadCounter.table,NW_015090842.1:10180912,41553863,11 ,11 ,22 
TCF25,s1324_SAT_M_BLOOD_ASEReadCounter.table,NW_015090842.1:10180924,41553863,11 ,11 ,22 
TCF25,s1324_SAT_M_BLOOD_ASEReadCounter.table,NW_015090842.1:10180931,41553863,11 ,11 ,22 
TCF25,s1324_SAT_M_BLOOD_ASEReadCounter.table,NW_015090842.1:10185332,41553863,30 ,28 ,58 
TCF25,s1324_SAT_M_BLOOD_ASEReadCounter.table,NW_015090842.1:10196561,41553863,18 ,14 ,32 
TCF25,s1324_SAT_M_BLOOD_ASEReadCounter.table,NW_015090842.1:10197399,41553863,32 ,0 ,32 
GAS8,s1324_SAT_M_BLOOD_ASEReadCounter.table,NW_015090842.1:10228982,41553863,0 ,0 ,0 
GAS8,s1324_SAT_M_BLOOD_ASEReadCounter.table,NW_015090842.1:10229832,41553863,1 ,0 ,1 
GAS8,s1324_SAT_M_BLOOD_ASEReadCounter.table,NW_015090842.1:10232901,41553863,0 ,0 ,1 
GAS8,s1324_SAT_M_BLOOD_ASEReadCounter.table,NW_015090842.1:10232928,41553863,0 ,0 ,0 
GAS8,s1324_SAT_M_BLOOD_ASEReadCounter.table,NW_015090842.1:10232967,41553863,0 ,0 ,0 
GAS8,s1324_SAT_M_BLOOD_ASEReadCounter.table,NW_015090842.1:10233252,41553863,0 ,0 ,0 
GAS8,s1324_SAT_M_BLOOD_ASEReadCounter.table,NW_015090842.1:10233303,41553863,0 ,0 ,0 
LOC106888094,s1324_SAT_M_BLOOD_ASEReadCounter.table,NW_015090842.1:10233388,41553863,0 ,0 ,0 
LOC106888094,s1324_SAT_M_BLOOD_ASEReadCounter.table,NW_015090842.1:10233402,41553863,0 ,0 ,0 
LOC106888094,s1324_SAT_M_BLOOD_ASEReadCounter.table,NW_015090842.1:10233465,41553863,0 ,0 ,0 
LOC106888173,s1324_SAT_M_BLOOD_ASEReadCounter.table,NW_015090842.1:10240280,41553863,0 ,0 ,0 
LOC106888173,s1324_SAT_M_BLOOD_ASEReadCounter.table,NW_015090842.1:10241803,41553863,0 ,0 ,0 
LOC106888173,s1324_SAT_M_BLOOD_ASEReadCounter.table,NW_015090842.1:10242909,41553863,0 ,0 ,0 
LOC106888173,s1324_SAT_M_BLOOD_ASEReadCounter.table,NW_015090842.1:10243347,41553863,0 ,0 ,0 
LOC106888173,s1324_SAT_M_BLOOD_ASEReadCounter.table,NW_015090842.1:10243353,41553863,0 ,0 ,0 
LOC106888173,s1324_SAT_M_BLOOD_ASEReadCounter.table,NW_015090842.1:10243363,41553863,0 ,0 ,0 
LOC106888173,s1324_SAT_M_BLOOD_ASEReadCounter.table,NW_015090842.1:10243365,41553863,0 ,0 ,0 
LOC106888173,s1324_SAT_M_BLOOD_ASEReadCounter.table,NW_015090842.1:10243529,41553863,0 ,0 ,0 
LOC106888173,s1324_SAT_M_BLOOD_ASEReadCounter.table,NW_015090842.1:10243566,41553863,0 ,0 ,0 
LOC106888384,s1324_SAT_M_BLOOD_ASEReadCounter.table,NW_015090842.1:10255531,41553863,0 ,0 ,0 
LOC106888384,s1324_SAT_M_BLOOD_ASEReadCounter.table,NW_015090842.1:10255608,41553863,1 ,0 ,1 
LOC106888384,s1324_SAT_M_BLOOD_ASEReadCounter.table,NW_015090842.1:10255614,41553863,1 ,0 ,1 
LOC106888384,s1324_SAT_M_BLOOD_ASEReadCounter.table,NW_015090842.1:10255704,41553863,20 ,0 ,20 
LOC106888384,s1324_SAT_M_BLOOD_ASEReadCounter.table,NW_015090842.1:10255731,41553863,25 ,0 ,25 
LOC106888384,s1324_SAT_M_BLOOD_ASEReadCounter.table,NW_015090842.1:10255771,41553863,32 ,0 ,32 
TANGO6,s1324_SAT_M_BLOOD_ASEReadCounter.table,NW_015090842.1:10257782,41553863,2 ,2 ,4 
TANGO6,s1324_SAT_M_BLOOD_ASEReadCounter.table,NW_015090842.1:10258162,41553863,2 ,2 ,4 
TANGO6,s1324_SAT_M_BLOOD_ASEReadCounter.table,NW_015090842.1:10258185,41553863,2 ,2 ,4 
TANGO6,s1324_SAT_M_BLOOD_ASEReadCounter.table,NW_015090842.1:10259267,41553863,3 ,1 ,4 
TANGO6,s1324_SAT_M_BLOOD_ASEReadCounter.table,NW_015090842.1:10260250,41553863,4 ,2 ,6 
TANGO6,s1324_SAT_M_BLOOD_ASEReadCounter.table,NW_015090842.1:10260979,41553863,2 ,3 ,6 
TANGO6,s1324_SAT_M_BLOOD_ASEReadCounter.table,NW_015090842.1:10261599,41553863,4 ,3 ,6 
TANGO6,s1324_SAT_M_BLOOD_ASEReadCounter.table,NW_015090842.1:10268425,41553863,8 ,3 ,11 
TANGO6,s1324_SAT_M_BLOOD_ASEReadCounter.table,NW_015090842.1:10269831,41553863,7 ,4 ,10 
TANGO6,s1324_SAT_M_BLOOD_ASEReadCounter.table,NW_015090842.1:10270813,41553863,5 ,2 ,7 
TANGO6,s1324_SAT_M_BLOOD_ASEReadCounter.table,NW_015090842.1:10273952,41553863,3 ,3 ,6 
TANGO6,s1324_SAT_M_BLOOD_ASEReadCounter.table,NW_015090842.1:10273970,41553863,4 ,3 ,7 
TANGO6,s1324_SAT_M_BLOOD_ASEReadCounter.table,NW_015090842.1:10274018,41553863,4 ,3 ,7 
TANGO6,s1324_SAT_M_BLOOD_ASEReadCounter.table,NW_015090842.1:10275974,41553863,3 ,2 ,5 
TANGO6,s1324_SAT_M_BLOOD_ASEReadCounter.table,NW_015090842.1:10275976,41553863,3 ,2 ,5 
TANGO6,s1324_SAT_M_BLOOD_ASEReadCounter.table,NW_015090842.1:10276123,41553863,1 ,2 ,3 
TANGO6,s1324_SAT_M_BLOOD_ASEReadCounter.table,NW_015090842.1:10276271,41553863,2 ,2 ,4 
TANGO6,s1324_SAT_M_BLOOD_ASEReadCounter.table,NW_015090842.1:10276272,41553863,2 ,2 ,4 
TANGO6,s1324_SAT_M_BLOOD_ASEReadCounter.table,NW_015090842.1:10276275,41553863,2 ,2 ,4 
TANGO6,s1324_SAT_M_BLOOD_ASEReadCounter.table,NW_015090842.1:10276278,41553863,2 ,2 ,4 
TANGO6,s1324_SAT_M_BLOOD_ASEReadCounter.table,NW_015090842.1:10276368,41553863,2 ,2 ,4 
TANGO6,s1324_SAT_M_BLOOD_ASEReadCounter.table,NW_015090842.1:10276373,41553863,2 ,2 ,4 
TANGO6,s1324_SAT_M_BLOOD_ASEReadCounter.table,NW_015090842.1:10276630,41553863,2 ,2 ,4 
TANGO6,s1324_SAT_M_BLOOD_ASEReadCounter.table,NW_015090842.1:10281498,41553863,2 ,2 ,4 
TANGO6,s1324_SAT_M_BLOOD_ASEReadCounter.table,NW_015090842.1:10282842,41553863,4 ,3 ,6 
TANGO6,s1324_SAT_M_BLOOD_ASEReadCounter.table,NW_015090842.1:10282863,41553863,3 ,3 ,6 
TANGO6,s1324_SAT_M_BLOOD_ASEReadCounter.table,NW_015090842.1:10282869,41553863,3 ,2 ,5 
TANGO6,s1324_SAT_M_BLOOD_ASEReadCounter.table,NW_015090842.1:10282903,41553863,4 ,3 ,7 
TANGO6,s1324_SAT_M_BLOOD_ASEReadCounter.table,NW_015090842.1:10283757,41553863,4 ,2 ,6 
TANGO6,s1324_SAT_M_BLOOD_ASEReadCounter.table,NW_015090842.1:10283785,41553863,2 ,2 ,4 
HAS3,s1324_SAT_M_BLOOD_ASEReadCounter.table,NW_015090842.1:10288266,41553863,0 ,0 ,0 
HAS3,s1324_SAT_M_BLOOD_ASEReadCounter.table,NW_015090842.1:10288274,41553863,0 ,0 ,0 
HAS3,s1324_SAT_M_BLOOD_ASEReadCounter.table,NW_015090842.1:10289469,41553863,1 ,0 ,1 
HAS3,s1324_SAT_M_BLOOD_ASEReadCounter.table,NW_015090842.1:10289708,41553863,0 ,0 ,1 
CHTF8,s1324_SAT_M_BLOOD_ASEReadCounter.table,NW_015090842.1:10291319,41553863,0 ,0 ,0 
CHTF8,s1324_SAT_M_BLOOD_ASEReadCounter.table,NW_015090842.1:10291342,41553863,0 ,0 ,0 
CHTF8,s1324_SAT_M_BLOOD_ASEReadCounter.table,NW_015090842.1:10291491,41553863,0 ,0 ,0 
CHTF8,s1324_SAT_M_BLOOD_ASEReadCounter.table,NW_015090842.1:10291520,41553863,0 ,1 ,1 
CHTF8,s1324_SAT_M_BLOOD_ASEReadCounter.table,NW_015090842.1:10291593,41553863,0 ,1 ,1 
CHTF8,s1324_SAT_M_BLOOD_ASEReadCounter.table,NW_015090842.1:10291600,41553863,0 ,0 ,0 
CHTF8,s1324_SAT_M_BLOOD_ASEReadCounter.table,NW_015090842.1:10291609,41553863,0 ,0 ,0 
CHTF8,s1324_SAT_M_BLOOD_ASEReadCounter.table,NW_015090842.1:10291648,41553863,0 ,0 ,0 
CHTF8,s1324_SAT_M_BLOOD_ASEReadCounter.table,NW_015090842.1:10291656,41553863,0 ,0 ,0 
CHTF8,s1324_SAT_M_BLOOD_ASEReadCounter.table,NW_015090842.1:10291675,41553863,0 ,0 ,0 
CHTF8,s1324_SAT_M_BLOOD_ASEReadCounter.table,NW_015090842.1:10291696,41553863,0 ,0 ,0 
CHTF8,s1324_SAT_M_BLOOD_ASEReadCounter.table,NW_015090842.1:10291714,41553863,0 ,0 ,0 
CHTF8,s1324_SAT_M_BLOOD_ASEReadCounter.table,NW_015090842.1:10291732,41553863,0 ,0 ,0 
CHTF8,s1324_SAT_M_BLOOD_ASEReadCounter.table,NW_015090842.1:10291755,41553863,0 ,0 ,0 
CHTF8,s1324_SAT_M_BLOOD_ASEReadCounter.table,NW_015090842.1:10291756,41553863,0 ,0 ,0 
CHTF8,s1324_SAT_M_BLOOD_ASEReadCounter.table,NW_015090842.1:10291758,41553863,0 ,0 ,0 
CHTF8,s1324_SAT_M_BLOOD_ASEReadCounter.table,NW_015090842.1:10291792,41553863,0 ,0 ,0 
CHTF8,s1324_SAT_M_BLOOD_ASEReadCounter.table,NW_015090842.1:10291895,41553863,0 ,1 ,1 
CHTF8,s1324_SAT_M_BLOOD_ASEReadCounter.table,NW_015090842.1:10292132,41553863,1 ,0 ,1 
CHTF8,s1324_SAT_M_BLOOD_ASEReadCounter.table,NW_015090842.1:10292314,41553863,1 ,0 ,1 
CHTF8,s1324_SAT_M_BLOOD_ASEReadCounter.table,NW_015090842.1:10292317,41553863,1 ,0 ,1 
CHTF8,s1324_SAT_M_BLOOD_ASEReadCounter.table,NW_015090842.1:10292928,41553863,0 ,0 ,0 
UTP4,s1324_SAT_M_BLOOD_ASEReadCounter.table,NW_015090842.1:10293146,41553863,1 ,2 ,3 
UTP4,s1324_SAT_M_BLOOD_ASEReadCounter.table,NW_015090842.1:10293151,41553863,1 ,2 ,3 
UTP4,s1324_SAT_M_BLOOD_ASEReadCounter.table,NW_015090842.1:10293191,41553863,0 ,2 ,2 
UTP4,s1324_SAT_M_BLOOD_ASEReadCounter.table,NW_015090842.1:10293362,41553863,1 ,1 ,2 
UTP4,s1324_SAT_M_BLOOD_ASEReadCounter.table,NW_015090842.1:10293430,41553863,1 ,1 ,2 
UTP4,s1324_SAT_M_BLOOD_ASEReadCounter.table,NW_015090842.1:10293625,41553863,1 ,1 ,2 
UTP4,s1324_SAT_M_BLOOD_ASEReadCounter.table,NW_015090842.1:10293684,41553863,1 ,0 ,2 
UTP4,s1324_SAT_M_BLOOD_ASEReadCounter.table,NW_015090842.1:10294093,41553863,0 ,1 ,1 
UTP4,s1324_SAT_M_BLOOD_ASEReadCounter.table,NW_015090842.1:10294568,41553863,1 ,1 ,2 
UTP4,s1324_SAT_M_BLOOD_ASEReadCounter.table,NW_015090842.1:10294622,41553863,1 ,2 ,3 
UTP4,s1324_SAT_M_BLOOD_ASEReadCounter.table,NW_015090842.1:10294632,41553863,1 ,1 ,2 
UTP4,s1324_SAT_M_BLOOD_ASEReadCounter.table,NW_015090842.1:10295238,41553863,1 ,1 ,2 
UTP4,s1324_SAT_M_BLOOD_ASEReadCounter.table,NW_015090842.1:10295880,41553863,1 ,0 ,2 
UTP4,s1324_SAT_M_BLOOD_ASEReadCounter.table,NW_015090842.1:10295884,41553863,1 ,1 ,2 
UTP4,s1324_SAT_M_BLOOD_ASEReadCounter.table,NW_015090842.1:10295903,41553863,1 ,0 ,2 
UTP4,s1324_SAT_M_BLOOD_ASEReadCounter.table,NW_015090842.1:10295906,41553863,1 ,0 ,2 
UTP4,s1324_SAT_M_BLOOD_ASEReadCounter.table,NW_015090842.1:10295915,41553863,1 ,0 ,2 
UTP4,s1324_SAT_M_BLOOD_ASEReadCounter.table,NW_015090842.1:10295938,41553863,1 ,1 ,2 
UTP4,s1324_SAT_M_BLOOD_ASEReadCounter.table,NW_015090842.1:10296175,41553863,0 ,1 ,1 
UTP4,s1324_SAT_M_BLOOD_ASEReadCounter.table,NW_015090842.1:10296660,41553863,1 ,1 ,2 
UTP4,s1324_SAT_M_BLOOD_ASEReadCounter.table,NW_015090842.1:10296679,41553863,1 ,1 ,2 
UTP4,s1324_SAT_M_BLOOD_ASEReadCounter.table,NW_015090842.1:10297193,41553863,1 ,1 ,2 
UTP4,s1324_SAT_M_BLOOD_ASEReadCounter.table,NW_015090842.1:10297220,41553863,1 ,1 ,2 
UTP4,s1324_SAT_M_BLOOD_ASEReadCounter.table,NW_015090842.1:10297307,41553863,1 ,0 ,1 
UTP4,s1324_SAT_M_BLOOD_ASEReadCounter.table,NW_015090842.1:10297558,41553863,1 ,1 ,2 
UTP4,s1324_SAT_M_BLOOD_ASEReadCounter.table,NW_015090842.1:10297943,41553863,1 ,1 ,1 
UTP4,s1324_SAT_M_BLOOD_ASEReadCounter.table,NW_015090842.1:10297979,41553863,1 ,0 ,1 
UTP4,s1324_SAT_M_BLOOD_ASEReadCounter.table,NW_015090842.1:10298022,41553863,1 ,0 ,1 
UTP4,s1324_SAT_M_BLOOD_ASEReadCounter.table,NW_015090842.1:10298079,41553863,0 ,0 ,0 
UTP4,s1324_SAT_M_BLOOD_ASEReadCounter.table,NW_015090842.1:10298081,41553863,0 ,0 ,0 
UTP4,s1324_SAT_M_BLOOD_ASEReadCounter.table,NW_015090842.1:10298082,41553863,0 ,0 ,0 
SNTB2,s1324_SAT_M_BLOOD_ASEReadCounter.table,NW_015090842.1:10304167,41553863,0 ,0 ,0 
SNTB2,s1324_SAT_M_BLOOD_ASEReadCounter.table,NW_015090842.1:10304176,41553863,0 ,0 ,0 
SNTB2,s1324_SAT_M_BLOOD_ASEReadCounter.table,NW_015090842.1:10305099,41553863,0 ,0 ,0 
SNTB2,s1324_SAT_M_BLOOD_ASEReadCounter.table,NW_015090842.1:10305451,41553863,0 ,0 ,0 
SNTB2,s1324_SAT_M_BLOOD_ASEReadCounter.table,NW_015090842.1:10306457,41553863,0 ,0 ,0 
VPS4A,s1324_SAT_M_BLOOD_ASEReadCounter.table,NW_015090842.1:10308566,41553863,19 ,36 ,55 
VPS4A,s1324_SAT_M_BLOOD_ASEReadCounter.table,NW_015090842.1:10308573,41553863,19 ,36 ,55 
VPS4A,s1324_SAT_M_BLOOD_ASEReadCounter.table,NW_015090842.1:10308856,41553863,27 ,54 ,81 
VPS4A,s1324_SAT_M_BLOOD_ASEReadCounter.table,NW_015090842.1:10309056,41553863,30 ,56 ,86 
VPS4A,s1324_SAT_M_BLOOD_ASEReadCounter.table,NW_015090842.1:10309089,41553863,35 ,57 ,92 
VPS4A,s1324_SAT_M_BLOOD_ASEReadCounter.table,NW_015090842.1:10309392,41553863,31 ,56 ,86 
VPS4A,s1324_SAT_M_BLOOD_ASEReadCounter.table,NW_015090842.1:10309413,41553863,32 ,58 ,90 
VPS4A,s1324_SAT_M_BLOOD_ASEReadCounter.table,NW_015090842.1:10309467,41553863,34 ,72 ,106 
VPS4A,s1324_SAT_M_BLOOD_ASEReadCounter.table,NW_015090842.1:10310230,41553863,36 ,68 ,104 
VPS4A,s1324_SAT_M_BLOOD_ASEReadCounter.table,NW_015090842.1:10310425,41553863,30 ,52 ,82 
VPS4A,s1324_SAT_M_BLOOD_ASEReadCounter.table,NW_015090842.1:10310639,41553863,38 ,57 ,95 
VPS4A,s1324_SAT_M_BLOOD_ASEReadCounter.table,NW_015090842.1:10310640,41553863,95 ,0 ,95 
VPS4A,s1324_SAT_M_BLOOD_ASEReadCounter.table,NW_015090842.1:10310687,41553863,42 ,57 ,99 
VPS4A,s1324_SAT_M_BLOOD_ASEReadCounter.table,NW_015090842.1:10310734,41553863,30 ,46 ,77 
VPS4A,s1324_SAT_M_BLOOD_ASEReadCounter.table,NW_015090842.1:10310737,41553863,29 ,46 ,76 
VPS4A,s1324_SAT_M_BLOOD_ASEReadCounter.table,NW_015090842.1:10310746,41553863,29 ,48 ,77 
VPS4A,s1324_SAT_M_BLOOD_ASEReadCounter.table,NW_015090842.1:10310767,41553863,30 ,48 ,78 
VPS4A,s1324_SAT_M_BLOOD_ASEReadCounter.table,NW_015090842.1:10310995,41553863,30 ,43 ,72 
VPS4A,s1324_SAT_M_BLOOD_ASEReadCounter.table,NW_015090842.1:10311004,41553863,30 ,40 ,70 
VPS4A,s1324_SAT_M_BLOOD_ASEReadCounter.table,NW_015090842.1:10311007,41553863,29 ,43 ,72 
VPS4A,s1324_SAT_M_BLOOD_ASEReadCounter.table,NW_015090842.1:10311013,41553863,31 ,44 ,75 
VPS4A,s1324_SAT_M_BLOOD_ASEReadCounter.table,NW_015090842.1:10311022,41553863,29 ,45 ,73 
VPS4A,s1324_SAT_M_BLOOD_ASEReadCounter.table,NW_015090842.1:10311023,41553863,29 ,43 ,72 
VPS4A,s1324_SAT_M_BLOOD_ASEReadCounter.table,NW_015090842.1:10311426,41553863,30 ,52 ,83 
VPS4A,s1324_SAT_M_BLOOD_ASEReadCounter.table,NW_015090842.1:10311489,41553863,0 ,1 ,1 
VPS4A,s1324_SAT_M_BLOOD_ASEReadCounter.table,NW_015090842.1:10311490,41553863,0 ,1 ,1 
VPS4A,s1324_SAT_M_BLOOD_ASEReadCounter.table,NW_015090842.1:10311525,41553863,0 ,2 ,2 
VPS4A,s1324_SAT_M_BLOOD_ASEReadCounter.table,NW_015090842.1:10311529,41553863,0 ,2 ,3 
VPS4A,s1324_SAT_M_BLOOD_ASEReadCounter.table,NW_015090842.1:10311530,41553863,0 ,2 ,3 
VPS4A,s1324_SAT_M_BLOOD_ASEReadCounter.table,NW_015090842.1:10311552,41553863,4 ,4 ,8 
VPS4A,s1324_SAT_M_BLOOD_ASEReadCounter.table,NW_015090842.1:10311689,41553863,2 ,3 ,5 
VPS4A,s1324_SAT_M_BLOOD_ASEReadCounter.table,NW_015090842.1:10311700,41553863,3 ,2 ,5 
VPS4A,s1324_SAT_M_BLOOD_ASEReadCounter.table,NW_015090842.1:10311701,41553863,3 ,3 ,5 
VPS4A,s1324_SAT_M_BLOOD_ASEReadCounter.table,NW_015090842.1:10311703,41553863,3 ,3 ,5 
COG8,s1324_SAT_M_BLOOD_ASEReadCounter.table,NW_015090842.1:10313487,41553863,1 ,0 ,1 
COG8,s1324_SAT_M_BLOOD_ASEReadCounter.table,NW_015090842.1:10313559,41553863,1 ,1 ,2 
COG8,s1324_SAT_M_BLOOD_ASEReadCounter.table,NW_015090842.1:10313579,41553863,1 ,1 ,2 
COG8,s1324_SAT_M_BLOOD_ASEReadCounter.table,NW_015090842.1:10313665,41553863,1 ,0 ,1 
COG8,s1324_SAT_M_BLOOD_ASEReadCounter.table,NW_015090842.1:10313681,41553863,1 ,1 ,2 
COG8,s1324_SAT_M_BLOOD_ASEReadCounter.table,NW_015090842.1:10313768,41553863,2 ,2 ,3 
COG8,s1324_SAT_M_BLOOD_ASEReadCounter.table,NW_015090842.1:10313775,41553863,2 ,2 ,3 
COG8,s1324_SAT_M_BLOOD_ASEReadCounter.table,NW_015090842.1:10313811,41553863,1 ,2 ,3 
COG8,s1324_SAT_M_BLOOD_ASEReadCounter.table,NW_015090842.1:10313858,41553863,1 ,2 ,3 
COG8,s1324_SAT_M_BLOOD_ASEReadCounter.table,NW_015090842.1:10313859,41553863,4 ,0 ,4 
COG8,s1324_SAT_M_BLOOD_ASEReadCounter.table,NW_015090842.1:10314100,41553863,1 ,2 ,3 
COG8,s1324_SAT_M_BLOOD_ASEReadCounter.table,NW_015090842.1:10314213,41553863,1 ,2 ,3 
COG8,s1324_SAT_M_BLOOD_ASEReadCounter.table,NW_015090842.1:10315093,41553863,1 ,1 ,2 
COG8,s1324_SAT_M_BLOOD_ASEReadCounter.table,NW_015090842.1:10315162,41553863,2 ,3 ,4 
COG8,s1324_SAT_M_BLOOD_ASEReadCounter.table,NW_015090842.1:10315285,41553863,1 ,5 ,6 
COG8,s1324_SAT_M_BLOOD_ASEReadCounter.table,NW_015090842.1:10315360,41553863,2 ,4 ,6 
COG8,s1324_SAT_M_BLOOD_ASEReadCounter.table,NW_015090842.1:10315369,41553863,2 ,4 ,6 
COG8,s1324_SAT_M_BLOOD_ASEReadCounter.table,NW_015090842.1:10315508,41553863,1 ,3 ,4 
COG8,s1324_SAT_M_BLOOD_ASEReadCounter.table,NW_015090842.1:10315624,41553863,2 ,4 ,6 
COG8,s1324_SAT_M_BLOOD_ASEReadCounter.table,NW_015090842.1:10315693,41553863,1 ,4 ,5 
COG8,s1324_SAT_M_BLOOD_ASEReadCounter.table,NW_015090842.1:10315698,41553863,1 ,4 ,5 
COG8,s1324_SAT_M_BLOOD_ASEReadCounter.table,NW_015090842.1:10315768,41553863,1 ,4 ,5 
COG8,s1324_SAT_M_BLOOD_ASEReadCounter.table,NW_015090842.1:10315769,41553863,1 ,4 ,5 
COG8,s1324_SAT_M_BLOOD_ASEReadCounter.table,NW_015090842.1:10315784,41553863,1 ,3 ,5 
COG8,s1324_SAT_M_BLOOD_ASEReadCounter.table,NW_015090842.1:10316093,41553863,1 ,2 ,3 
COG8,s1324_SAT_M_BLOOD_ASEReadCounter.table,NW_015090842.1:10316133,41553863,1 ,2 ,3 
NIP7,s1324_SAT_M_BLOOD_ASEReadCounter.table,NW_015090842.1:10316759,41553863,1 ,2 ,2 
NIP7,s1324_SAT_M_BLOOD_ASEReadCounter.table,NW_015090842.1:10316967,41553863,8 ,9 ,17 
NIP7,s1324_SAT_M_BLOOD_ASEReadCounter.table,NW_015090842.1:10316995,41553863,10 ,11 ,21 
NIP7,s1324_SAT_M_BLOOD_ASEReadCounter.table,NW_015090842.1:10317240,41553863,15 ,15 ,29 
NIP7,s1324_SAT_M_BLOOD_ASEReadCounter.table,NW_015090842.1:10317247,41553863,15 ,14 ,29 
NIP7,s1324_SAT_M_BLOOD_ASEReadCounter.table,NW_015090842.1:10317264,41553863,14 ,13 ,27 
NIP7,s1324_SAT_M_BLOOD_ASEReadCounter.table,NW_015090842.1:10317433,41553863,15 ,18 ,32 
NIP7,s1324_SAT_M_BLOOD_ASEReadCounter.table,NW_015090842.1:10317738,41553863,7 ,12 ,19 
NIP7,s1324_SAT_M_BLOOD_ASEReadCounter.table,NW_015090842.1:10317769,41553863,8 ,11 ,19 
NIP7,s1324_SAT_M_BLOOD_ASEReadCounter.table,NW_015090842.1:10317808,41553863,7 ,8 ,16 
NIP7,s1324_SAT_M_BLOOD_ASEReadCounter.table,NW_015090842.1:10317870,41553863,2 ,6 ,8 
NIP7,s1324_SAT_M_BLOOD_ASEReadCounter.table,NW_015090842.1:10317871,41553863,2 ,6 ,8 
NIP7,s1324_SAT_M_BLOOD_ASEReadCounter.table,NW_015090842.1:10317898,41553863,1 ,4 ,5 
NIP7,s1324_SAT_M_BLOOD_ASEReadCounter.table,NW_015090842.1:10317911,41553863,1 ,3 ,4 
TMED6,s1324_SAT_M_BLOOD_ASEReadCounter.table,NW_015090842.1:10318514,41553863,2 ,2 ,4 
TMED6,s1324_SAT_M_BLOOD_ASEReadCounter.table,NW_015090842.1:10318731,41553863,1 ,1 ,3 
TERF2,s1324_SAT_M_BLOOD_ASEReadCounter.table,NW_015090842.1:10321768,41553863,12 ,13 ,25 
TERF2,s1324_SAT_M_BLOOD_ASEReadCounter.table,NW_015090842.1:10321777,41553863,10 ,13 ,23 
TERF2,s1324_SAT_M_BLOOD_ASEReadCounter.table,NW_015090842.1:10321805,41553863,13 ,12 ,25 
TERF2,s1324_SAT_M_BLOOD_ASEReadCounter.table,NW_015090842.1:10321878,41553863,18 ,18 ,35 
TERF2,s1324_SAT_M_BLOOD_ASEReadCounter.table,NW_015090842.1:10321893,41553863,17 ,17 ,33 
TERF2,s1324_SAT_M_BLOOD_ASEReadCounter.table,NW_015090842.1:10321897,41553863,16 ,16 ,32 
TERF2,s1324_SAT_M_BLOOD_ASEReadCounter.table,NW_015090842.1:10321908,41553863,15 ,17 ,32 
TERF2,s1324_SAT_M_BLOOD_ASEReadCounter.table,NW_015090842.1:10322001,41553863,24 ,25 ,49 
TERF2,s1324_SAT_M_BLOOD_ASEReadCounter.table,NW_015090842.1:10322035,41553863,19 ,21 ,40 
TERF2,s1324_SAT_M_BLOOD_ASEReadCounter.table,NW_015090842.1:10322051,41553863,19 ,25 ,44 
TERF2,s1324_SAT_M_BLOOD_ASEReadCounter.table,NW_015090842.1:10322137,41553863,17 ,19 ,37 
TERF2,s1324_SAT_M_BLOOD_ASEReadCounter.table,NW_015090842.1:10322144,41553863,19 ,20 ,39 
TERF2,s1324_SAT_M_BLOOD_ASEReadCounter.table,NW_015090842.1:10322388,41553863,15 ,19 ,34 
TERF2,s1324_SAT_M_BLOOD_ASEReadCounter.table,NW_015090842.1:10322396,41553863,15 ,18 ,32 
TERF2,s1324_SAT_M_BLOOD_ASEReadCounter.table,NW_015090842.1:10322502,41553863,22 ,24 ,46 
TERF2,s1324_SAT_M_BLOOD_ASEReadCounter.table,NW_015090842.1:10322504,41553863,22 ,25 ,46 
TERF2,s1324_SAT_M_BLOOD_ASEReadCounter.table,NW_015090842.1:10322510,41553863,21 ,25 ,46 
TERF2,s1324_SAT_M_BLOOD_ASEReadCounter.table,NW_015090842.1:10323580,41553863,32 ,25 ,58 
TERF2,s1324_SAT_M_BLOOD_ASEReadCounter.table,NW_015090842.1:10324314,41553863,26 ,24 ,50 
TERF2,s1324_SAT_M_BLOOD_ASEReadCounter.table,NW_015090842.1:10326832,41553863,21 ,24 ,45 
TERF2,s1324_SAT_M_BLOOD_ASEReadCounter.table,NW_015090842.1:10327787,41553863,20 ,19 ,39 
TERF2,s1324_SAT_M_BLOOD_ASEReadCounter.table,NW_015090842.1:10328588,41553863,25 ,21 ,46 
TERF2,s1324_SAT_M_BLOOD_ASEReadCounter.table,NW_015090842.1:10328644,41553863,22 ,21 ,43 
TERF2,s1324_SAT_M_BLOOD_ASEReadCounter.table,NW_015090842.1:10329813,41553863,19 ,17 ,36 
TERF2,s1324_SAT_M_BLOOD_ASEReadCounter.table,NW_015090842.1:10330749,41553863,12 ,13 ,25 
TERF2,s1324_SAT_M_BLOOD_ASEReadCounter.table,NW_015090842.1:10330789,41553863,15 ,10 ,25 
CYB5B,s1324_SAT_M_BLOOD_ASEReadCounter.table,NW_015090842.1:10336667,41553863,0 ,0 ,0 
CYB5B,s1324_SAT_M_BLOOD_ASEReadCounter.table,NW_015090842.1:10336689,41553863,0 ,1 ,1 
CYB5B,s1324_SAT_M_BLOOD_ASEReadCounter.table,NW_015090842.1:10336728,41553863,0 ,1 ,1 
CYB5B,s1324_SAT_M_BLOOD_ASEReadCounter.table,NW_015090842.1:10345068,41553863,0 ,0 ,1 
CYB5B,s1324_SAT_M_BLOOD_ASEReadCounter.table,NW_015090842.1:10348800,41553863,1 ,0 ,1 
CYB5B,s1324_SAT_M_BLOOD_ASEReadCounter.table,NW_015090842.1:10349046,41553863,0 ,0 ,1 
CYB5B,s1324_SAT_M_BLOOD_ASEReadCounter.table,NW_015090842.1:10349119,41553863,0 ,0 ,0 
CYB5B,s1324_SAT_M_BLOOD_ASEReadCounter.table,NW_015090842.1:10349146,41553863,0 ,0 ,0 
CYB5B,s1324_SAT_M_BLOOD_ASEReadCounter.table,NW_015090842.1:10349157,41553863,0 ,0 ,1 
CYB5B,s1324_SAT_M_BLOOD_ASEReadCounter.table,NW_015090842.1:10349263,41553863,0 ,0 ,0 
